Seq_ID,prob_0,prob_1,predicted_label
1,0.913506,0.0904297,0
2,0.912788,0.091336,0
3,0.91079,0.0938389,0
4,0.909636,0.0952516,0
5,0.898334,0.109213,0
6,0.911859,0.0924823,0
7,0.909942,0.0948871,0
8,0.912164,0.0921043,0
9,0.898581,0.108907,0
10,0.905482,0.10046,0
11,0.906958,0.0986297,0
12,0.903704,0.10266,0
13,0.904751,0.101368,0
14,0.907524,0.0979312,0
15,0.909744,0.0950916,0
16,0.911443,0.0930527,0
17,0.911596,0.0928669,0
18,0.910058,0.094771,0
19,0.91059,0.0940977,0
20,0.902937,0.10364,0
21,0.906801,0.0988562,0
22,0.71746,0.307732,0
23,0.903114,0.103385,0
24,0.910609,0.0940501,0
25,0.910441,0.0942853,0
26,0.91257,0.0915745,0
27,0.911474,0.0930085,0
28,0.911842,0.0924679,0
29,0.912661,0.0914395,0
30,0.911777,0.0925838,0
31,0.910328,0.0944403,0
32,0.909762,0.095144,0
33,0.907768,0.0976165,0
34,0.908592,0.0966015,0
35,0.912677,0.0914102,0
36,0.90999,0.094885,0
37,0.910425,0.0943192,0
38,0.910546,0.0941637,0
39,0.907328,0.0981637,0
40,0.907475,0.0980022,0
41,0.911448,0.0930492,0
42,0.911956,0.0923852,0
43,0.910884,0.0936643,0
44,0.912126,0.0921438,0
45,0.912879,0.0911714,0
46,0.912605,0.0915217,0
47,0.912593,0.0915574,0
48,0.912686,0.0914193,0
49,0.911706,0.092668,0
50,0.910192,0.0946059,0
51,0.910715,0.0939552,0
52,0.905442,0.100513,0
53,0.901459,0.10542,0
54,0.898123,0.109433,0
55,0.908864,0.096262,0
56,0.90798,0.0973321,0
57,0.903426,0.103005,0
58,0.895519,0.112907,0
59,0.903871,0.10247,0
60,0.778672,0.244035,0
61,0.841981,0.173975,0
62,0.900425,0.106685,0
63,0.903596,0.102832,0
64,0.900709,0.10638,0
65,0.85075,0.163494,0
66,0.902755,0.103836,0
67,0.905198,0.100803,0
68,0.911293,0.0931604,0
69,0.912228,0.0919891,0
70,0.913017,0.0910252,0
71,0.91111,0.093476,0
72,0.910571,0.0941192,0
73,0.908747,0.0963985,0
74,0.911533,0.0929196,0
75,0.907704,0.0977151,0
76,0.911194,0.093294,0
77,0.911098,0.0934751,0
78,0.910644,0.0940157,0
79,0.910481,0.0942669,0
80,0.907657,0.0977748,0
81,0.876538,0.135169,0
82,0.843771,0.171741,0
83,0.78115,0.240585,0
84,0.694206,0.330113,0
85,0.72765,0.299014,0
86,0.690695,0.330075,0
87,0.357898,0.610545,1
88,0.20065,0.774367,1
89,0.765383,0.258169,0
90,0.705824,0.31902,0
91,0.797038,0.222725,0
92,0.887463,0.122179,0
93,0.707133,0.318262,0
94,0.876068,0.135311,0
95,0.650248,0.372136,0
96,0.466339,0.511853,1
97,0.253753,0.719325,1
98,0.305277,0.665738,1
99,0.118464,0.86834,1
100,0.233424,0.739942,1
101,0.0575352,0.943188,1
102,0.0551698,0.947421,1
103,0.0615478,0.937333,1
104,0.214091,0.760226,1
105,0.731826,0.292259,0
106,0.912305,0.0918864,0
107,0.907764,0.0976362,0
108,0.910966,0.0936262,0
109,0.908551,0.0966421,0
110,0.796921,0.225182,0
111,0.907371,0.0981536,0
112,0.904667,0.101536,0
113,0.904768,0.101365,0
114,0.910078,0.0947414,0
115,0.913133,0.0908833,0
116,0.912812,0.0912892,0
117,0.913074,0.0909784,0
118,0.911062,0.0935533,0
119,0.909379,0.0956367,0
120,0.907529,0.0979378,0
121,0.899812,0.107446,0
122,0.864392,0.148632,0
123,0.774568,0.247043,0
124,0.905355,0.100636,0
125,0.902059,0.10472,0
126,0.909357,0.0956381,0
127,0.911237,0.0932502,0
128,0.911175,0.0933533,0
129,0.910195,0.0945958,0
130,0.9102,0.0946049,0
131,0.911433,0.0930455,0
132,0.911573,0.0928631,0
133,0.912427,0.0917472,0
134,0.912763,0.0913105,0
135,0.912681,0.09143,0
136,0.912491,0.0916894,0
137,0.911822,0.0925706,0
138,0.908055,0.0973228,0
139,0.905504,0.100436,0
140,0.907139,0.0984047,0
141,0.908019,0.0973092,0
142,0.908972,0.0961403,0
143,0.910222,0.0945529,0
144,0.908447,0.0967829,0
145,0.904118,0.102176,0
146,0.767215,0.255009,0
147,0.701084,0.323442,0
148,0.629911,0.38934,0
149,0.742671,0.281139,0
150,0.800423,0.219384,0
151,0.906496,0.0992385,0
152,0.910773,0.0938705,0
153,0.911256,0.093241,0
154,0.911747,0.0926554,0
155,0.911325,0.0931703,0
156,0.910601,0.0940279,0
157,0.906435,0.0992613,0
158,0.908507,0.0966931,0
159,0.909227,0.0957969,0
160,0.904121,0.102178,0
161,0.899718,0.107545,0
162,0.903036,0.103504,0
163,0.714601,0.311391,0
164,0.536913,0.463108,0
165,0.900523,0.106588,0
166,0.907752,0.0976604,0
167,0.909965,0.0948517,0
168,0.911087,0.0934517,0
169,0.911345,0.0931795,0
170,0.905293,0.100753,0
171,0.801669,0.220029,0
172,0.774765,0.246835,0
173,0.904119,0.102152,0
174,0.909886,0.0949397,0
175,0.911565,0.092859,0
176,0.910503,0.0942058,0
177,0.912345,0.0918955,0
178,0.912159,0.0920664,0
179,0.912351,0.0918513,0
180,0.912231,0.0920587,0
181,0.911987,0.0923772,0
182,0.902883,0.103699,0
183,0.709326,0.316016,0
184,0.708759,0.316076,0
185,0.696589,0.327417,0
186,0.652505,0.369844,0
187,0.74646,0.277529,0
188,0.904767,0.101367,0
189,0.909503,0.0954459,0
190,0.91081,0.09378,0
191,0.91225,0.0919835,0
192,0.91069,0.0940008,0
193,0.906819,0.0988424,0
194,0.909088,0.0959991,0
195,0.908024,0.0972993,0
196,0.908946,0.0961428,0
197,0.908158,0.0971774,0
198,0.902246,0.104474,0
199,0.702411,0.321835,0
200,0.681807,0.339356,0
201,0.687665,0.335567,0
202,0.62358,0.394432,0
203,0.896758,0.111056,0
204,0.903371,0.103066,0
205,0.905402,0.100562,0
206,0.904864,0.101227,0
207,0.908059,0.0972719,0
208,0.908553,0.0966221,0
209,0.909353,0.0956324,0
210,0.907865,0.0975023,0
211,0.908595,0.0965948,0
212,0.899589,0.107715,0
213,0.902585,0.104074,0
214,0.883956,0.12627,0
215,0.721984,0.30241,0
216,0.904597,0.101586,0
217,0.907028,0.0985502,0
218,0.863245,0.15063,0
219,0.662974,0.35966,0
220,0.599458,0.414922,0
221,0.896164,0.111797,0
222,0.903926,0.102396,0
223,0.911699,0.0926811,0
224,0.910447,0.0942883,0
225,0.908952,0.0961288,0
226,0.910596,0.0940689,0
227,0.90598,0.0998474,0
228,0.905091,0.100977,0
229,0.733,0.291986,0
230,0.12926,0.855972,1
231,0.154636,0.825546,1
232,0.721851,0.302639,0
233,0.905032,0.101012,0
234,0.910839,0.0937547,0
235,0.911722,0.0926555,0
236,0.907114,0.0984652,0
237,0.864114,0.149934,0
238,0.889704,0.119732,0
239,0.89765,0.110127,0
240,0.906154,0.0996186,0
241,0.909151,0.095872,0
242,0.908241,0.0970172,0
243,0.909227,0.0957893,0
244,0.908149,0.0971438,0
245,0.907777,0.0976066,0
246,0.910225,0.0945481,0
247,0.910389,0.0942728,0
248,0.912979,0.0910168,0
249,0.912279,0.0919612,0
250,0.912211,0.0920545,0
251,0.911661,0.0927613,0
252,0.908872,0.0962497,0
253,0.908211,0.0970518,0
254,0.907851,0.09751,0
255,0.903969,0.102359,0
256,0.886288,0.123957,0
257,0.899183,0.108235,0
258,0.908986,0.0960814,0
259,0.907339,0.0981231,0
260,0.909931,0.0948997,0
261,0.908782,0.0963705,0
262,0.908684,0.0964959,0
263,0.907721,0.0976988,0
264,0.896262,0.111702,0
265,0.908565,0.0966249,0
266,0.905671,0.100227,0
267,0.911149,0.0933452,0
268,0.912387,0.0917905,0
269,0.91177,0.092606,0
270,0.910725,0.0939474,0
271,0.910084,0.0947523,0
272,0.906754,0.0989036,0
273,0.905681,0.100194,0
274,0.908166,0.0970914,0
275,0.908523,0.096693,0
276,0.90909,0.09596,0
277,0.910249,0.0945078,0
278,0.910112,0.0946677,0
279,0.891164,0.118266,0
280,0.910769,0.0938797,0
281,0.911771,0.0925939,0
282,0.908864,0.096249,0
283,0.910416,0.094289,0
284,0.911758,0.0926772,0
285,0.911632,0.0927906,0
286,0.91207,0.092221,0
287,0.911232,0.0933083,0
288,0.911643,0.0927884,0
289,0.911546,0.0928906,0
290,0.911428,0.0930422,0
291,0.910683,0.093992,0
292,0.910468,0.0942708,0
293,0.910821,0.0938429,0
294,0.900675,0.106399,0
295,0.903314,0.103171,0
296,0.906596,0.0990418,0
297,0.910336,0.0943749,0
298,0.908382,0.0968391,0
299,0.909957,0.0948387,0
300,0.9116,0.0928549,0
301,0.912149,0.0921016,0
302,0.912359,0.0918523,0
303,0.91312,0.0908929,0
304,0.913476,0.0904303,0
305,0.913643,0.0902257,0
306,0.913829,0.0899988,0
307,0.913008,0.0910361,0
308,0.912373,0.0917954,0
309,0.912165,0.0920739,0
310,0.910838,0.093743,0
311,0.90851,0.096687,0
312,0.907192,0.0983411,0
313,0.911,0.0935635,0
314,0.91004,0.0947824,0
315,0.905799,0.100068,0
316,0.908327,0.0969064,0
317,0.910016,0.0948199,0
318,0.906869,0.0987598,0
319,0.907242,0.0982777,0
320,0.907947,0.0973717,0
321,0.909619,0.0952942,0
322,0.910331,0.0944485,0
323,0.910415,0.0942879,0
324,0.909336,0.095644,0
325,0.911366,0.0930745,0
326,0.911741,0.0926406,0
327,0.908428,0.0968172,0
328,0.910951,0.0936383,0
329,0.908338,0.0969484,0
330,0.908836,0.0962997,0
331,0.909286,0.0957277,0
332,0.910354,0.0943668,0
333,0.909051,0.0959739,0
334,0.91016,0.0945984,0
335,0.909346,0.0956481,0
336,0.909587,0.0953208,0
337,0.911703,0.0927025,0
338,0.911889,0.0924452,0
339,0.909673,0.0952601,0
340,0.911028,0.0935595,0
341,0.902877,0.103725,0
342,0.902968,0.103557,0
343,0.91012,0.0946535,0
344,0.911982,0.0922988,0
345,0.911371,0.0931029,0
346,0.909441,0.0955255,0
347,0.78029,0.243285,0
348,0.886114,0.123833,0
349,0.854986,0.158882,0
350,0.884268,0.125727,0
351,0.907884,0.0974757,0
352,0.90476,0.101357,0
353,0.904297,0.101956,0
354,0.900872,0.106159,0
355,0.906134,0.0996478,0
356,0.911686,0.0926753,0
357,0.910719,0.0939449,0
358,0.910156,0.0946392,0
359,0.910707,0.0939455,0
360,0.909186,0.0958383,0
361,0.910137,0.094637,0
362,0.90915,0.095895,0
363,0.909779,0.0951178,0
364,0.906403,0.0993359,0
365,0.901362,0.10557,0
366,0.748879,0.274754,0
367,0.894986,0.113253,0
368,0.903282,0.103171,0
369,0.903559,0.102835,0
370,0.904042,0.102263,0
371,0.90691,0.098682,0
372,0.906771,0.0988932,0
373,0.905031,0.101021,0
374,0.904784,0.101338,0
375,0.899577,0.107752,0
376,0.90052,0.106573,0
377,0.906673,0.0989584,0
378,0.905582,0.100354,0
379,0.908125,0.0971823,0
380,0.902811,0.103776,0
381,0.894176,0.11428,0
382,0.836644,0.179192,0
383,0.895398,0.112785,0
384,0.839988,0.177349,0
385,0.761169,0.262862,0
386,0.726064,0.29889,0
387,0.772741,0.24958,0
388,0.903706,0.102668,0
389,0.90835,0.0968861,0
390,0.911017,0.0935668,0
391,0.910742,0.0938891,0
392,0.912068,0.0922478,0
393,0.911053,0.0934496,0
394,0.908038,0.0973207,0
395,0.908988,0.0961232,0
396,0.907023,0.0985879,0
397,0.897351,0.110462,0
398,0.889161,0.120233,0
399,0.752618,0.271876,0
400,0.708074,0.316733,0
401,0.735086,0.289131,0
402,0.910336,0.0943817,0
403,0.909997,0.0948273,0
404,0.891449,0.11769,0
405,0.903409,0.103033,0
406,0.902214,0.104542,0
407,0.835077,0.18092,0
408,0.909269,0.0957524,0
409,0.911836,0.0924914,0
410,0.911588,0.0928769,0
411,0.908528,0.096711,0
412,0.901568,0.105334,0
413,0.905327,0.100677,0
414,0.907566,0.0978642,0
415,0.908451,0.0967717,0
416,0.911652,0.0927616,0
417,0.912223,0.0920707,0
418,0.909943,0.0949369,0
419,0.906958,0.0986396,0
420,0.908759,0.0964152,0
421,0.909947,0.0949214,0
422,0.909926,0.0949773,0
423,0.911883,0.0924697,0
424,0.912116,0.0921389,0
425,0.912101,0.0921689,0
426,0.912567,0.0916211,0
427,0.91182,0.0925381,0
428,0.911103,0.0934534,0
429,0.910367,0.0943818,0
430,0.9097,0.0951471,0
431,0.911125,0.0933954,0
432,0.911802,0.0925389,0
433,0.911803,0.0925679,0
434,0.91157,0.0928483,0
435,0.911384,0.0930951,0
436,0.910788,0.0938659,0
437,0.909426,0.0955562,0
438,0.876385,0.134714,0
439,0.873638,0.138303,0
440,0.698087,0.326061,0
441,0.688074,0.335868,0
442,0.879135,0.132026,0
443,0.843152,0.172207,0
444,0.908487,0.0967228,0
445,0.908792,0.0963345,0
446,0.909706,0.0951977,0
447,0.910362,0.0943657,0
448,0.910509,0.0941856,0
449,0.909648,0.0952591,0
450,0.910616,0.0940572,0
451,0.904955,0.101118,0
452,0.877823,0.133686,0
453,0.87475,0.136988,0
454,0.8024,0.216719,0
455,0.900298,0.106864,0
456,0.906739,0.0989107,0
457,0.906756,0.0988754,0
458,0.908213,0.09708,0
459,0.909731,0.0951524,0
460,0.904526,0.101651,0
461,0.907641,0.097776,0
462,0.911325,0.0931252,0
463,0.910745,0.0938606,0
464,0.911609,0.0927854,0
465,0.912458,0.0917367,0
466,0.912402,0.0917686,0
467,0.911651,0.09272,0
468,0.911095,0.0934552,0
469,0.908908,0.0962231,0
470,0.909033,0.0960209,0
471,0.907143,0.0983689,0
472,0.910767,0.0938895,0
473,0.910878,0.0937505,0
474,0.911442,0.0930305,0
475,0.911366,0.0930815,0
476,0.91138,0.093121,0
477,0.910379,0.0943579,0
478,0.911337,0.093175,0
479,0.911648,0.0927399,0
480,0.911135,0.0934178,0
481,0.911887,0.0924359,0
482,0.912244,0.091969,0
483,0.906459,0.0992239,0
484,0.906563,0.0991283,0
485,0.908616,0.0965652,0
486,0.907683,0.0977064,0
487,0.910205,0.0945494,0
488,0.911686,0.0926738,0
489,0.910517,0.0941564,0
490,0.911477,0.0929704,0
491,0.911556,0.0928505,0
492,0.912612,0.0915637,0
493,0.910554,0.094107,0
494,0.910201,0.0946088,0
495,0.907461,0.0980246,0
496,0.907261,0.0982439,0
497,0.906815,0.0988375,0
498,0.904744,0.101375,0
499,0.88893,0.120344,0
500,0.906865,0.0987296,0
501,0.898766,0.108684,0
502,0.894633,0.113637,0
503,0.907035,0.0985061,0
504,0.911579,0.0928179,0
505,0.910818,0.0937861,0
506,0.911585,0.0928071,0
507,0.908608,0.0965983,0
508,0.910474,0.094233,0
509,0.909385,0.0955696,0
510,0.906948,0.0986454,0
511,0.908609,0.0966037,0
512,0.906741,0.0989162,0
513,0.904932,0.101172,0
514,0.908183,0.0971399,0
515,0.908733,0.0964176,0
516,0.910055,0.0947323,0
517,0.910073,0.0947555,0
518,0.910836,0.093821,0
519,0.911969,0.0923556,0
520,0.910574,0.0941045,0
521,0.912073,0.0922271,0
522,0.913006,0.0910395,0
523,0.912514,0.0915989,0
524,0.911668,0.0927307,0
525,0.910505,0.0942162,0
526,0.909607,0.0953479,0
527,0.90504,0.101026,0
528,0.905005,0.101009,0
529,0.907922,0.0973968,0
530,0.910092,0.0947313,0
531,0.911804,0.0925448,0
532,0.912141,0.0921155,0
533,0.912739,0.0913917,0
534,0.912563,0.0916265,0
535,0.911769,0.0925916,0
536,0.912043,0.0922358,0
537,0.912215,0.092002,0
538,0.912811,0.0912688,0
539,0.912747,0.0913612,0
540,0.91294,0.0911489,0
541,0.913062,0.0909896,0
542,0.911917,0.0924317,0
543,0.911573,0.0928737,0
544,0.906026,0.0998227,0
545,0.80095,0.220437,0
546,0.558627,0.439523,0
547,0.592499,0.415885,0
548,0.844076,0.170926,0
549,0.90957,0.0953026,0
550,0.912317,0.0919183,0
551,0.912955,0.0911222,0
552,0.912327,0.0919058,0
553,0.912857,0.0912398,0
554,0.913411,0.0905438,0
555,0.913093,0.0909603,0
556,0.911225,0.0933057,0
557,0.911619,0.0928213,0
558,0.911673,0.0927443,0
559,0.911076,0.093502,0
560,0.906671,0.0990046,0
561,0.90784,0.0975554,0
562,0.888079,0.121543,0
563,0.645495,0.376641,0
564,0.710419,0.315356,0
565,0.764018,0.258448,0
566,0.819614,0.198838,0
567,0.665409,0.358092,0
568,0.740128,0.285607,0
569,0.50562,0.480047,0
570,0.628821,0.391232,0
571,0.610867,0.407642,0
572,0.773054,0.249084,0
573,0.72536,0.300184,0
574,0.802727,0.218245,0
575,0.74348,0.280991,0
576,0.87582,0.135691,0
577,0.901741,0.105042,0
578,0.912974,0.0910932,0
579,0.912446,0.091714,0
580,0.91235,0.0919174,0
581,0.906565,0.0991235,0
582,0.782887,0.240287,0
583,0.62297,0.394893,0
584,0.839511,0.176004,0
585,0.76741,0.25682,0
586,0.759192,0.263015,0
587,0.905976,0.0998318,0
588,0.904387,0.101835,0
589,0.905379,0.100577,0
590,0.906507,0.0991763,0
591,0.901077,0.105901,0
592,0.889622,0.11952,0
593,0.907627,0.0977901,0
594,0.907696,0.0977378,0
595,0.909303,0.0957477,0
596,0.911096,0.0934587,0
597,0.900539,0.106559,0
598,0.909426,0.0955709,0
599,0.909033,0.0960641,0
600,0.907381,0.0981499,0
601,0.908444,0.0967904,0
602,0.90412,0.102142,0
603,0.906484,0.0992465,0
604,0.90328,0.103231,0
605,0.904486,0.101728,0
606,0.903995,0.102307,0
607,0.907672,0.0977536,0
608,0.90792,0.09744,0
609,0.909951,0.0949116,0
610,0.908528,0.096677,0
611,0.911317,0.0931582,0
612,0.912127,0.0921849,0
613,0.910746,0.0939447,0
614,0.911757,0.0926663,0
615,0.907381,0.0981257,0
616,0.907971,0.0973425,0
617,0.909576,0.0953526,0
618,0.909562,0.0953958,0
619,0.908743,0.0964406,0
620,0.907179,0.0983851,0
621,0.903534,0.102897,0
622,0.896471,0.11151,0
623,0.89622,0.111728,0
624,0.739569,0.284431,0
625,0.906429,0.0992567,0
626,0.909198,0.0958078,0
627,0.905873,0.0999967,0
628,0.90687,0.0987591,0
629,0.907056,0.0985075,0
630,0.907694,0.0977085,0
631,0.910713,0.0939003,0
632,0.911209,0.0932838,0
633,0.911655,0.0927114,0
634,0.911417,0.0930559,0
635,0.908108,0.0972084,0
636,0.908769,0.0963959,0
637,0.904228,0.10204,0
638,0.878966,0.131715,0
639,0.899446,0.107877,0
640,0.901382,0.105559,0
641,0.903499,0.102926,0
642,0.908627,0.096545,0
643,0.909084,0.095966,0
644,0.910719,0.0939365,0
645,0.908055,0.0972148,0
646,0.909234,0.0957375,0
647,0.911387,0.0930421,0
648,0.913553,0.0903397,0
649,0.913143,0.0908903,0
650,0.912031,0.092308,0
651,0.912117,0.0921545,0
652,0.909482,0.0955241,0
653,0.904654,0.10149,0
654,0.91172,0.0926408,0
655,0.911869,0.0925002,0
656,0.909932,0.0949371,0
657,0.903566,0.102869,0
658,0.902983,0.103565,0
659,0.910242,0.0944819,0
660,0.907314,0.0981554,0
661,0.91159,0.0928085,0
662,0.911123,0.0934334,0
663,0.910214,0.094559,0
664,0.911395,0.0930551,0
665,0.911255,0.0932334,0
666,0.91187,0.0924961,0
667,0.903444,0.103015,0
668,0.902214,0.104542,0
669,0.901223,0.105728,0
670,0.901131,0.105827,0
671,0.908917,0.096174,0
672,0.911826,0.0925112,0
673,0.911895,0.0924278,0
674,0.911756,0.0926178,0
675,0.909471,0.0955057,0
676,0.901851,0.104976,0
677,0.90634,0.0994048,0
678,0.906304,0.0994126,0
679,0.901098,0.105886,0
680,0.907856,0.0975033,0
681,0.910437,0.0942775,0
682,0.910208,0.0945653,0
683,0.911845,0.0924589,0
684,0.910853,0.0937834,0
685,0.900799,0.106245,0
686,0.898113,0.109531,0
687,0.901207,0.105749,0
688,0.908944,0.0961217,0
689,0.913158,0.090847,0
690,0.912798,0.0913357,0
691,0.912815,0.0913084,0
692,0.910914,0.0937081,0
693,0.909084,0.0959956,0
694,0.909391,0.0956069,0
695,0.910014,0.0948283,0
696,0.907969,0.0974107,0
697,0.907151,0.0983772,0
698,0.905918,0.0998916,0
699,0.901536,0.105311,0
700,0.904842,0.101237,0
701,0.909715,0.0951782,0
702,0.908877,0.0962251,0
703,0.908707,0.0964481,0
704,0.909336,0.0956494,0
705,0.911731,0.0926323,0
706,0.91245,0.0917203,0
707,0.91284,0.0912399,0
708,0.912699,0.0914372,0
709,0.912654,0.0915077,0
710,0.91136,0.0931266,0
711,0.911506,0.0929628,0
712,0.911954,0.0923643,0
713,0.911655,0.0927728,0
714,0.911055,0.0934913,0
715,0.911939,0.092382,0
716,0.911204,0.0933669,0
717,0.907385,0.098119,0
718,0.908344,0.0969169,0
719,0.908447,0.0967461,0
720,0.906409,0.0993043,0
721,0.908396,0.096869,0
722,0.908221,0.0970628,0
723,0.908152,0.0971409,0
724,0.908654,0.0964903,0
725,0.910979,0.0935402,0
726,0.907354,0.0981118,0
727,0.910005,0.0948358,0
728,0.91014,0.0946995,0
729,0.911278,0.0932275,0
730,0.909847,0.0949764,0
731,0.911362,0.0930821,0
732,0.91198,0.0923485,0
733,0.911252,0.0932563,0
734,0.908664,0.096504,0
735,0.907945,0.097391,0
736,0.903495,0.102938,0
737,0.908393,0.0967994,0
738,0.910609,0.0940637,0
739,0.911886,0.0924535,0
740,0.911395,0.0930756,0
741,0.91152,0.0929297,0
742,0.912452,0.0917553,0
743,0.912584,0.0915751,0
744,0.911323,0.0931721,0
745,0.909251,0.0957509,0
746,0.911729,0.0926331,0
747,0.912572,0.0915471,0
748,0.913017,0.0909836,0
749,0.913164,0.0908132,0
750,0.913035,0.0909966,0
751,0.913305,0.0906185,0
752,0.912753,0.0913276,0
753,0.913324,0.0906308,0
754,0.910117,0.0946909,0
755,0.910987,0.0935796,0
756,0.911197,0.0933133,0
757,0.909972,0.0949004,0
758,0.904518,0.101661,0
759,0.901206,0.105767,0
760,0.868202,0.144187,0
761,0.897511,0.110183,0
762,0.9102,0.0946286,0
763,0.901619,0.105249,0
764,0.907053,0.0985181,0
765,0.91098,0.0936199,0
766,0.910748,0.0939433,0
767,0.910158,0.0946435,0
768,0.910786,0.093823,0
769,0.911677,0.0927116,0
770,0.911292,0.0932306,0
771,0.906236,0.0995539,0
772,0.90964,0.0952528,0
773,0.911984,0.0922723,0
774,0.912227,0.0919863,0
775,0.913125,0.0908955,0
776,0.913468,0.0904855,0
777,0.912732,0.0914148,0
778,0.911353,0.0931523,0
779,0.911107,0.0934688,0
780,0.91145,0.09303,0
781,0.91015,0.0945951,0
782,0.911007,0.0935567,0
783,0.912668,0.0914431,0
784,0.912523,0.0916643,0
785,0.912715,0.0913687,0
786,0.91294,0.0911023,0
787,0.912487,0.0917334,0
788,0.907298,0.0982333,0
789,0.851307,0.163967,0
790,0.907685,0.0977035,0
791,0.907826,0.0975407,0
792,0.907597,0.0978318,0
793,0.905786,0.100107,0
794,0.90643,0.0993043,0
795,0.905664,0.100219,0
796,0.911011,0.0935427,0
797,0.902958,0.103592,0
798,0.906723,0.0989243,0
799,0.903229,0.103271,0
800,0.903184,0.103348,0
801,0.898144,0.109427,0
802,0.903363,0.103096,0
803,0.907543,0.097926,0
804,0.902354,0.104332,0
805,0.906795,0.0988157,0
806,0.909172,0.0958653,0
807,0.909658,0.0952514,0
808,0.912889,0.0911362,0
809,0.912901,0.0912023,0
810,0.911242,0.0933035,0
811,0.910505,0.0942135,0
812,0.909543,0.0954359,0
813,0.91005,0.09474,0
814,0.910997,0.0935855,0
815,0.910785,0.0938589,0
816,0.911115,0.0934658,0
817,0.906052,0.0997934,0
818,0.892315,0.116403,0
819,0.902609,0.104006,0
820,0.900033,0.10716,0
821,0.906403,0.0993145,0
822,0.908873,0.0962365,0
823,0.906799,0.0988577,0
824,0.903806,0.102551,0
825,0.908139,0.0971408,0
826,0.91023,0.0945278,0
827,0.686673,0.335975,0
828,0.481567,0.49953,0
829,0.0563779,0.944901,1
830,0.513336,0.473639,0
831,0.671085,0.351637,0
832,0.900823,0.106212,0
833,0.907623,0.0977835,0
834,0.905716,0.100198,0
835,0.901651,0.105195,0
836,0.812198,0.208599,0
837,0.861517,0.152278,0
838,0.885059,0.125076,0
839,0.903826,0.102542,0
840,0.908465,0.0967567,0
841,0.910441,0.0942832,0
842,0.91016,0.0946586,0
843,0.909978,0.0948863,0
844,0.908665,0.0965006,0
845,0.906859,0.0987362,0
846,0.909278,0.0957446,0
847,0.910007,0.094849,0
848,0.91096,0.0936297,0
849,0.906644,0.0990157,0
850,0.896781,0.111125,0
851,0.900215,0.106936,0
852,0.902971,0.103617,0
853,0.885257,0.124591,0
854,0.911394,0.0930853,0
855,0.909262,0.0958002,0
856,0.902547,0.104108,0
857,0.902002,0.104792,0
858,0.895935,0.112176,0
859,0.908512,0.0966657,0
860,0.909947,0.0949358,0
861,0.910633,0.0940562,0
862,0.907394,0.0980686,0
863,0.907388,0.0980881,0
864,0.909935,0.0949121,0
865,0.91026,0.0945,0
866,0.908914,0.0962183,0
867,0.911145,0.0933772,0
868,0.911239,0.0932352,0
869,0.911204,0.0932974,0
870,0.911889,0.0924272,0
871,0.911819,0.0925208,0
872,0.912316,0.0919184,0
873,0.912279,0.0919288,0
874,0.91077,0.0938668,0
875,0.908882,0.0962672,0
876,0.909131,0.0959314,0
877,0.90942,0.0955404,0
878,0.911189,0.0933069,0
879,0.91255,0.0916147,0
880,0.908878,0.0962897,0
881,0.908461,0.0968111,0
882,0.907599,0.0978585,0
883,0.905646,0.100262,0
884,0.909385,0.095542,0
885,0.911299,0.0932463,0
886,0.91151,0.0929655,0
887,0.908866,0.0962872,0
888,0.906954,0.0986333,0
889,0.901397,0.105504,0
890,0.906087,0.099753,0
891,0.604314,0.410465,0
892,0.858034,0.155945,0
893,0.911156,0.0933281,0
894,0.910934,0.0936384,0
895,0.911397,0.0930737,0
896,0.779174,0.243322,0
897,0.908474,0.096734,0
898,0.909466,0.0954809,0
899,0.91075,0.0938402,0
900,0.912681,0.0914334,0
901,0.912278,0.0919608,0
902,0.913151,0.0908148,0
903,0.912736,0.0913911,0
904,0.911957,0.0923396,0
905,0.911991,0.0922946,0
906,0.911946,0.0923461,0
907,0.911565,0.092824,0
908,0.912045,0.0922263,0
909,0.909662,0.0952269,0
910,0.900478,0.106607,0
911,0.89766,0.110043,0
912,0.895004,0.113236,0
913,0.871004,0.140927,0
914,0.906447,0.0992677,0
915,0.910107,0.0946905,0
916,0.909267,0.0957698,0
917,0.728222,0.297047,0
918,0.906538,0.0991673,0
919,0.904916,0.101195,0
920,0.901276,0.105711,0
921,0.859389,0.153821,0
922,0.899352,0.107966,0
923,0.8946,0.113686,0
924,0.896943,0.110864,0
925,0.902441,0.104207,0
926,0.907573,0.0978373,0
927,0.910583,0.0940941,0
928,0.907928,0.0974418,0
929,0.906861,0.0987682,0
930,0.909045,0.0960275,0
931,0.907891,0.0974908,0
932,0.901348,0.105535,0
933,0.909746,0.0951548,0
934,0.907746,0.0976583,0
935,0.87642,0.134848,0
936,0.904257,0.101951,0
937,0.901487,0.105437,0
938,0.82291,0.196786,0
939,0.567379,0.434817,0
940,0.200732,0.77532,1
941,0.0552575,0.946647,1
942,0.0590937,0.94088,1
943,0.245933,0.726784,1
944,0.750841,0.272845,0
945,0.906921,0.0985772,0
946,0.91221,0.0919719,0
947,0.913339,0.0906029,0
948,0.913178,0.090864,0
949,0.910068,0.0947889,0
950,0.892353,0.116546,0
951,0.894472,0.113867,0
952,0.889112,0.120168,0
953,0.903278,0.10319,0
954,0.90357,0.102815,0
955,0.904621,0.101517,0
956,0.901055,0.105955,0
957,0.889619,0.119532,0
958,0.893311,0.115151,0
959,0.659738,0.363341,0
960,0.731316,0.293448,0
961,0.893516,0.115037,0
962,0.8873,0.122383,0
963,0.90737,0.0980242,0
964,0.91223,0.091988,0
965,0.910599,0.0941073,0
966,0.912456,0.0917476,0
967,0.912737,0.0914234,0
968,0.910472,0.0942641,0
969,0.907436,0.0980614,0
970,0.909198,0.0958536,0
971,0.904611,0.101574,0
972,0.899341,0.108026,0
973,0.892146,0.116613,0
974,0.900707,0.106359,0
975,0.90517,0.100863,0
976,0.908593,0.0965912,0
977,0.909245,0.0957958,0
978,0.909716,0.0951957,0
979,0.910223,0.0944647,0
980,0.911976,0.0923349,0
981,0.908231,0.0970604,0
982,0.909123,0.0959339,0
983,0.910269,0.0944889,0
984,0.906547,0.0991656,0
985,0.906071,0.0997453,0
986,0.908699,0.0964686,0
987,0.909531,0.095412,0
988,0.910105,0.0947038,0
989,0.910768,0.0938484,0
990,0.912004,0.092296,0
991,0.911241,0.0932426,0
992,0.910369,0.0943421,0
993,0.911193,0.0933397,0
994,0.910762,0.0938718,0
995,0.909807,0.0951006,0
996,0.908937,0.0961772,0
997,0.907781,0.0975903,0
998,0.904192,0.10205,0
999,0.906122,0.0997003,0
1000,0.896608,0.11135,0
1001,0.884086,0.126073,0
1002,0.906638,0.0990208,0
1003,0.906023,0.0997927,0
1004,0.910776,0.093845,0
1005,0.91083,0.0938179,0
1006,0.911214,0.0933188,0
1007,0.910488,0.0942446,0
1008,0.909874,0.094998,0
1009,0.908468,0.0967583,0
1010,0.909681,0.0952581,0
1011,0.906962,0.0986525,0
1012,0.906576,0.0990702,0
1013,0.906499,0.0992019,0
1014,0.906603,0.0991047,0
1015,0.905087,0.100974,0
1016,0.909519,0.0954622,0
1017,0.90611,0.0997166,0
1018,0.908669,0.0965275,0
1019,0.908714,0.0964605,0
1020,0.908769,0.0963988,0
1021,0.906841,0.0987451,0
1022,0.884367,0.125581,0
1023,0.90881,0.0963261,0
1024,0.903703,0.102667,0
1025,0.906465,0.0992558,0
1026,0.900237,0.106944,0
1027,0.890062,0.119153,0
1028,0.905619,0.100297,0
1029,0.906242,0.0994989,0
1030,0.9075,0.0979769,0
1031,0.83429,0.183839,0
1032,0.908497,0.096718,0
1033,0.875613,0.135758,0
1034,0.890174,0.118909,0
1035,0.907473,0.0979888,0
1036,0.900693,0.106326,0
1037,0.910416,0.0942996,0
1038,0.910442,0.0942871,0
1039,0.908702,0.0964892,0
1040,0.909793,0.0951032,0
1041,0.911031,0.093511,0
1042,0.909762,0.09512,0
1043,0.909259,0.0957839,0
1044,0.910445,0.0942933,0
1045,0.908746,0.0964151,0
1046,0.910212,0.0945112,0
1047,0.912195,0.0919878,0
1048,0.912298,0.0919106,0
1049,0.911064,0.0934867,0
1050,0.913442,0.0904951,0
1051,0.90954,0.0954016,0
1052,0.911247,0.0933193,0
1053,0.912735,0.0914037,0
1054,0.912034,0.0922474,0
1055,0.912083,0.0922236,0
1056,0.913014,0.0910194,0
1057,0.912281,0.0920125,0
1058,0.911458,0.093001,0
1059,0.911441,0.0930144,0
1060,0.911885,0.0924419,0
1061,0.911031,0.093565,0
1062,0.910928,0.093696,0
1063,0.911504,0.0929623,0
1064,0.911303,0.0931914,0
1065,0.908821,0.0963297,0
1066,0.911311,0.0932016,0
1067,0.910381,0.094363,0
1068,0.909899,0.0949602,0
1069,0.909058,0.0960313,0
1070,0.889854,0.119316,0
1071,0.907606,0.097802,0
1072,0.910908,0.0936372,0
1073,0.91232,0.0918563,0
1074,0.913364,0.090576,0
1075,0.913028,0.090992,0
1076,0.913028,0.0909917,0
1077,0.912418,0.0918164,0
1078,0.911487,0.0930069,0
1079,0.909252,0.0957932,0
1080,0.910138,0.0947154,0
1081,0.905216,0.100828,0
1082,0.880108,0.130842,0
1083,0.89809,0.109556,0
1084,0.904832,0.101306,0
1085,0.907597,0.0978007,0
1086,0.911668,0.092712,0
1087,0.912649,0.0915227,0
1088,0.912592,0.0915802,0
1089,0.912253,0.0919951,0
1090,0.911921,0.092393,0
1091,0.911667,0.0927323,0
1092,0.910529,0.0941616,0
1093,0.906793,0.0988268,0
1094,0.910417,0.0942697,0
1095,0.907745,0.0976275,0
1096,0.906757,0.0988772,0
1097,0.906503,0.0992144,0
1098,0.909171,0.0958786,0
1099,0.889023,0.120373,0
1100,0.900218,0.106938,0
1101,0.895858,0.112228,0
1102,0.901147,0.105753,0
1103,0.904823,0.101295,0
1104,0.908361,0.0968734,0
1105,0.909663,0.0952409,0
1106,0.910328,0.0944165,0
1107,0.911795,0.0925812,0
1108,0.910996,0.093561,0
1109,0.909565,0.0953745,0
1110,0.911286,0.0932258,0
1111,0.908509,0.0967264,0
1112,0.688287,0.334444,0
1113,0.803927,0.216251,0
1114,0.707865,0.317292,0
1115,0.593411,0.413148,0
1116,0.282058,0.6913,1
1117,0.390469,0.578543,1
1118,0.353999,0.613943,1
1119,0.898788,0.10864,0
1120,0.899333,0.107975,0
1121,0.904262,0.101976,0
1122,0.902979,0.10358,0
1123,0.901535,0.105335,0
1124,0.905562,0.100333,0
1125,0.908284,0.0969749,0
1126,0.910666,0.0939753,0
1127,0.911561,0.0928675,0
1128,0.913447,0.0904362,0
1129,0.912398,0.0918304,0
1130,0.91269,0.0914912,0
1131,0.911173,0.0933985,0
1132,0.91136,0.0931169,0
1133,0.909621,0.0952484,0
1134,0.912454,0.0917004,0
1135,0.912648,0.0915169,0
1136,0.91173,0.0926979,0
1137,0.911816,0.0925946,0
1138,0.902636,0.103993,0
1139,0.898905,0.10853,0
1140,0.906137,0.0996821,0
1141,0.907108,0.0984869,0
1142,0.903355,0.10306,0
1143,0.909106,0.0958994,0
1144,0.90807,0.0971879,0
1145,0.910124,0.0946116,0
1146,0.910097,0.0947193,0
1147,0.91034,0.0943873,0
1148,0.909701,0.0951988,0
1149,0.908556,0.0966303,0
1150,0.908377,0.0968505,0
1151,0.903163,0.103347,0
1152,0.904989,0.101087,0
1153,0.882062,0.128599,0
1154,0.874995,0.136365,0
1155,0.906721,0.0989215,0
1156,0.910226,0.0945341,0
1157,0.911791,0.0925774,0
1158,0.912,0.0922876,0
1159,0.912588,0.0915895,0
1160,0.912714,0.0914286,0
1161,0.912728,0.0914,0
1162,0.911483,0.0929452,0
1163,0.912266,0.0919793,0
1164,0.906622,0.0990361,0
1165,0.911442,0.0930045,0
1166,0.9112,0.0933124,0
1167,0.905136,0.100928,0
1168,0.909816,0.0950975,0
1169,0.907671,0.0977307,0
1170,0.90673,0.0989148,0
1171,0.907367,0.0981015,0
1172,0.910214,0.0945599,0
1173,0.909194,0.095838,0
1174,0.910042,0.0947811,0
1175,0.908395,0.0968596,0
1176,0.906741,0.098899,0
1177,0.910427,0.0942626,0
1178,0.910651,0.0939767,0
1179,0.9122,0.0920442,0
1180,0.806515,0.214106,0
1181,0.899798,0.107433,0
1182,0.901753,0.105072,0
1183,0.898185,0.109444,0
1184,0.895196,0.112978,0
1185,0.907569,0.0978416,0
1186,0.911082,0.0934994,0
1187,0.911937,0.0923901,0
1188,0.912991,0.0910733,0
1189,0.913146,0.0908295,0
1190,0.912458,0.0917472,0
1191,0.912626,0.0914998,0
1192,0.913044,0.0909852,0
1193,0.909188,0.0958578,0
1194,0.882299,0.128182,0
1195,0.906363,0.0994039,0
1196,0.770799,0.253706,0
1197,0.681001,0.341136,0
1198,0.506798,0.476725,0
1199,0.458084,0.535158,1
1200,0.68346,0.340508,0
1201,0.904963,0.10112,0
1202,0.906298,0.0994624,0
1203,0.907734,0.0976472,0
1204,0.911509,0.0929076,0
1205,0.911836,0.0925233,0
1206,0.911471,0.0929708,0
1207,0.906664,0.0989918,0
1208,0.904705,0.101418,0
1209,0.905621,0.100302,0
1210,0.903026,0.103517,0
1211,0.904962,0.101107,0
1212,0.905088,0.10097,0
1213,0.910105,0.0946925,0
1214,0.906998,0.0985788,0
1215,0.908184,0.0971277,0
1216,0.909555,0.0954232,0
1217,0.911912,0.0924088,0
1218,0.909451,0.0955247,0
1219,0.907625,0.0978036,0
1220,0.905201,0.100747,0
1221,0.910092,0.0947342,0
1222,0.907242,0.0983194,0
1223,0.903594,0.102835,0
1224,0.890199,0.11882,0
1225,0.898939,0.108523,0
1226,0.900737,0.106319,0
1227,0.905838,0.100055,0
1228,0.90034,0.106832,0
1229,0.777746,0.245978,0
1230,0.71668,0.309063,0
1231,0.630087,0.38915,0
1232,0.614258,0.403051,0
1233,0.780547,0.240573,0
1234,0.684936,0.338828,0
1235,0.906886,0.0986938,0
1236,0.911363,0.0930521,0
1237,0.910403,0.0942567,0
1238,0.913304,0.0906738,0
1239,0.912798,0.0913601,0
1240,0.912851,0.0912815,0
1241,0.912211,0.0920253,0
1242,0.911729,0.0926993,0
1243,0.911962,0.0924144,0
1244,0.912295,0.0919534,0
1245,0.912914,0.0911502,0
1246,0.912623,0.0914896,0
1247,0.91178,0.0925781,0
1248,0.910709,0.09397,0
1249,0.906598,0.0990813,0
1250,0.789773,0.233202,0
1251,0.703523,0.32121,0
1252,0.65282,0.369328,0
1253,0.618541,0.400408,0
1254,0.894303,0.114025,0
1255,0.903161,0.103374,0
1256,0.86801,0.144674,0
1257,0.888737,0.120854,0
1258,0.905031,0.10101,0
1259,0.902809,0.103732,0
1260,0.910214,0.0945627,0
1261,0.911829,0.0925121,0
1262,0.912739,0.0913366,0
1263,0.912459,0.0917214,0
1264,0.913425,0.0905221,0
1265,0.912571,0.0915969,0
1266,0.911572,0.0928417,0
1267,0.907769,0.0976316,0
1268,0.909957,0.0949268,0
1269,0.904499,0.10171,0
1270,0.902409,0.104298,0
1271,0.803905,0.215129,0
1272,0.73583,0.290448,0
1273,0.729823,0.294804,0
1274,0.732304,0.291491,0
1275,0.698641,0.32494,0
1276,0.689655,0.333439,0
1277,0.909324,0.0956692,0
1278,0.90824,0.0970294,0
1279,0.906658,0.099007,0
1280,0.907195,0.0983507,0
1281,0.903103,0.1034,0
1282,0.909794,0.0949912,0
1283,0.913803,0.0899892,0
1284,0.91324,0.0907795,0
1285,0.912813,0.0913122,0
1286,0.912249,0.0920391,0
1287,0.907886,0.0975112,0
1288,0.899555,0.107717,0
1289,0.900662,0.106397,0
1290,0.901679,0.105169,0
1291,0.904328,0.10187,0
1292,0.911491,0.0929223,0
1293,0.912088,0.0921364,0
1294,0.911958,0.0923086,0
1295,0.912899,0.0911596,0
1296,0.912944,0.0911507,0
1297,0.911879,0.0924466,0
1298,0.909568,0.0953832,0
1299,0.90591,0.0999325,0
1300,0.90123,0.105704,0
1301,0.894119,0.114296,0
1302,0.900196,0.106975,0
1303,0.904086,0.102193,0
1304,0.909653,0.095252,0
1305,0.908586,0.0965665,0
1306,0.90969,0.0952253,0
1307,0.909018,0.0960413,0
1308,0.907953,0.0973976,0
1309,0.907161,0.0983842,0
1310,0.904213,0.102044,0
1311,0.900233,0.10691,0
1312,0.890766,0.11829,0
1313,0.740642,0.283178,0
1314,0.719514,0.305451,0
1315,0.840299,0.175314,0
1316,0.862123,0.151225,0
1317,0.903965,0.102338,0
1318,0.909369,0.095583,0
1319,0.910984,0.0935741,0
1320,0.908184,0.0971091,0
1321,0.786884,0.235629,0
1322,0.882125,0.128549,0
1323,0.897059,0.110785,0
1324,0.90422,0.102015,0
1325,0.910493,0.0942024,0
1326,0.909538,0.0954164,0
1327,0.90934,0.0956617,0
1328,0.866482,0.146983,0
1329,0.903522,0.102899,0
1330,0.9065,0.0991911,0
1331,0.910751,0.093899,0
1332,0.907598,0.0978503,0
1333,0.911497,0.0929449,0
1334,0.909674,0.0952616,0
1335,0.910674,0.0939626,0
1336,0.910837,0.0937515,0
1337,0.912372,0.0918471,0
1338,0.909473,0.0955018,0
1339,0.698734,0.291987,0
1340,0.376134,0.59434,1
1341,0.277939,0.695045,1
1342,0.605811,0.40332,0
1343,0.812004,0.206137,0
1344,0.912084,0.0922081,0
1345,0.909617,0.0953417,0
1346,0.804314,0.217227,0
1347,0.323606,0.643876,1
1348,0.0596877,0.940757,1
1349,0.0998553,0.89388,1
1350,0.245214,0.727439,1
1351,0.611896,0.405905,0
1352,0.85655,0.157055,0
1353,0.904661,0.101488,0
1354,0.716906,0.308753,0
1355,0.789148,0.231044,0
1356,0.726423,0.298668,0
1357,0.72486,0.300691,0
1358,0.894374,0.113973,0
1359,0.899924,0.107292,0
1360,0.902905,0.10362,0
1361,0.902715,0.103913,0
1362,0.898227,0.109299,0
1363,0.572735,0.428907,0
1364,0.872303,0.139447,0
1365,0.910578,0.0940604,0
1366,0.912058,0.092234,0
1367,0.907666,0.097764,0
1368,0.909114,0.0959588,0
1369,0.908118,0.097225,0
1370,0.905544,0.100414,0
1371,0.904341,0.101891,0
1372,0.875932,0.135612,0
1373,0.906721,0.0989403,0
1374,0.905772,0.100072,0
1375,0.911987,0.0922879,0
1376,0.911476,0.092943,0
1377,0.912349,0.0919077,0
1378,0.90889,0.0962714,0
1379,0.909715,0.0952256,0
1380,0.90926,0.0957699,0
1381,0.908686,0.0964549,0
1382,0.912378,0.0918268,0
1383,0.911899,0.0924795,0
1384,0.900655,0.106428,0
1385,0.899219,0.108175,0
1386,0.280829,0.69089,1
1387,0.61523,0.399334,0
1388,0.907724,0.0975971,0
1389,0.91131,0.0931949,0
1390,0.907338,0.0981724,0
1391,0.904428,0.10178,0
1392,0.911147,0.0934085,0
1393,0.909411,0.0955232,0
1394,0.910208,0.0945291,0
1395,0.911764,0.0926242,0
1396,0.911388,0.0929965,0
1397,0.912609,0.0914947,0
1398,0.914144,0.0895895,0
1399,0.913918,0.0898953,0
1400,0.913136,0.0909031,0
1401,0.912566,0.0916226,0
1402,0.9132,0.0907972,0
1403,0.913081,0.0909499,0
1404,0.91337,0.0905557,0
1405,0.913243,0.090736,0
1406,0.913467,0.0904612,0
1407,0.913451,0.0904998,0
1408,0.91311,0.0909152,0
1409,0.910744,0.0939276,0
1410,0.913309,0.0906742,0
1411,0.913681,0.0901602,0
1412,0.796368,0.224751,0
1413,0.907681,0.097745,0
1414,0.908945,0.0961735,0
1415,0.397462,0.573766,1
1416,0.147688,0.833938,1
1417,0.0766518,0.918865,1
1418,0.0950457,0.896893,1
1419,0.0553785,0.946257,1
1420,0.124484,0.8617,1
1421,0.063243,0.935611,1
1422,0.0756879,0.920429,1
1423,0.0623516,0.936684,1
1424,0.233666,0.740016,1
1425,0.406118,0.565021,1
1426,0.411948,0.561387,1
1427,0.668069,0.353591,0
1428,0.536623,0.454898,0
1429,0.72071,0.303905,0
1430,0.882303,0.128035,0
1431,0.909629,0.0952978,0
1432,0.802949,0.218659,0
1433,0.88424,0.126167,0
1434,0.902911,0.103686,0
1435,0.905835,0.100019,0
1436,0.911104,0.0934273,0
1437,0.909444,0.0955398,0
1438,0.903896,0.102443,0
1439,0.782369,0.240961,0
1440,0.456925,0.521943,1
1441,0.400329,0.571084,1
1442,0.0827584,0.910078,1
1443,0.0595871,0.940303,1
1444,0.0658777,0.932382,1
1445,0.0551767,0.94671,1
1446,0.0671801,0.930503,1
1447,0.510467,0.484301,0
1448,0.642782,0.377429,0
1449,0.764406,0.257851,0
1450,0.794906,0.227165,0
1451,0.71558,0.308146,0
1452,0.125886,0.86004,1
1453,0.120851,0.865929,1
1454,0.0717617,0.92474,1
1455,0.0584254,0.94195,1
1456,0.0549495,0.947228,1
1457,0.225618,0.748205,1
1458,0.29929,0.673291,1
1459,0.737897,0.286464,0
1460,0.660559,0.362244,0
1461,0.754436,0.270826,0
1462,0.70531,0.318495,0
1463,0.242913,0.730013,1
1464,0.403575,0.570946,1
1465,0.49125,0.489399,0
1466,0.222381,0.751972,1
1467,0.732812,0.292082,0
1468,0.708768,0.315776,0
1469,0.840851,0.174709,0
1470,0.726228,0.29743,0
1471,0.657116,0.331828,0
1472,0.288049,0.68351,1
1473,0.0552347,0.946533,1
1474,0.270677,0.701965,1
1475,0.904458,0.101684,0
1476,0.907303,0.0981648,0
1477,0.908844,0.0962198,0
1478,0.909121,0.095916,0
1479,0.909523,0.0954595,0
1480,0.908036,0.0972999,0
1481,0.901874,0.104935,0
1482,0.902173,0.104573,0
1483,0.905628,0.100276,0
1484,0.905415,0.100534,0
1485,0.908877,0.0961791,0
1486,0.909028,0.0960527,0
1487,0.907805,0.0975438,0
1488,0.906769,0.0988378,0
1489,0.907424,0.0980635,0
1490,0.885639,0.124592,0
1491,0.890395,0.118772,0
1492,0.704178,0.320542,0
1493,0.704861,0.319797,0
1494,0.719582,0.305779,0
1495,0.863675,0.149587,0
1496,0.905421,0.100559,0
1497,0.908785,0.0963524,0
1498,0.910877,0.0937467,0
1499,0.910862,0.0937273,0
1500,0.912821,0.0912912,0
1501,0.912196,0.0920588,0
1502,0.911673,0.0927418,0
1503,0.90977,0.0951191,0
1504,0.910868,0.0937069,0
1505,0.911023,0.0935128,0
1506,0.911385,0.0930504,0
1507,0.912191,0.0920538,0
1508,0.912232,0.0919982,0
1509,0.911645,0.092758,0
1510,0.911573,0.0928463,0
1511,0.910558,0.0941487,0
1512,0.888121,0.121749,0
1513,0.732501,0.291624,0
1514,0.905163,0.100834,0
1515,0.910376,0.0943527,0
1516,0.908058,0.0972727,0
1517,0.906051,0.0997654,0
1518,0.902714,0.103899,0
1519,0.875067,0.136257,0
1520,0.894777,0.113489,0
1521,0.902764,0.103824,0
1522,0.909068,0.0959879,0
1523,0.908603,0.0965679,0
1524,0.906551,0.0991391,0
1525,0.905624,0.100259,0
1526,0.904205,0.102037,0
1527,0.900638,0.106458,0
1528,0.909915,0.0949254,0
1529,0.907075,0.0984902,0
1530,0.901626,0.105231,0
1531,0.908426,0.0968054,0
1532,0.754182,0.269485,0
1533,0.593755,0.417604,0
1534,0.0986209,0.892541,1
1535,0.123909,0.867591,1
1536,0.546631,0.46146,0
1537,0.904715,0.101371,0
1538,0.911503,0.0929157,0
1539,0.911589,0.0927944,0
1540,0.910188,0.0945942,0
1541,0.911696,0.092697,0
1542,0.912675,0.0914201,0
1543,0.912076,0.0922316,0
1544,0.904174,0.102095,0
1545,0.909081,0.0959821,0
1546,0.908533,0.0966906,0
1547,0.90136,0.105558,0
1548,0.906612,0.0990851,0
1549,0.906679,0.0989717,0
1550,0.909255,0.095772,0
1551,0.906045,0.0997671,0
1552,0.907459,0.098006,0
1553,0.901379,0.105548,0
1554,0.704767,0.32025,0
1555,0.67411,0.34704,0
1556,0.353288,0.61464,1
1557,0.814737,0.203199,0
1558,0.911889,0.0924,0
1559,0.913757,0.0900509,0
1560,0.913546,0.0903864,0
1561,0.911691,0.092733,0
1562,0.911863,0.0925014,0
1563,0.887989,0.121467,0
1564,0.900822,0.106244,0
1565,0.904938,0.101156,0
1566,0.908121,0.0971918,0
1567,0.90091,0.106109,0
1568,0.909063,0.0959502,0
1569,0.912664,0.0914498,0
1570,0.913421,0.0905079,0
1571,0.912546,0.0916555,0
1572,0.909948,0.0949308,0
1573,0.911233,0.093298,0
1574,0.910554,0.0941463,0
1575,0.909692,0.0952507,0
1576,0.910531,0.0942187,0
1577,0.903127,0.103385,0
1578,0.9084,0.0968168,0
1579,0.907725,0.0976827,0
1580,0.911189,0.0933505,0
1581,0.912036,0.0922591,0
1582,0.912204,0.0920297,0
1583,0.911043,0.0935342,0
1584,0.911976,0.0923222,0
1585,0.910294,0.0944933,0
1586,0.909692,0.0952411,0
1587,0.90722,0.0983453,0
1588,0.89701,0.110856,0
1589,0.900019,0.107181,0
1590,0.906948,0.0986216,0
1591,0.908595,0.0965649,0
1592,0.882315,0.12862,0
1593,0.907913,0.0974302,0
1594,0.9014,0.105513,0
1595,0.908517,0.0967004,0
1596,0.912398,0.0917588,0
1597,0.910864,0.0937339,0
1598,0.911802,0.0925136,0
1599,0.912085,0.0921982,0
1600,0.912006,0.0922939,0
1601,0.911688,0.0926974,0
1602,0.911549,0.0928592,0
1603,0.912041,0.0922183,0
1604,0.91258,0.0915461,0
1605,0.912257,0.0919798,0
1606,0.912787,0.0913258,0
1607,0.912641,0.0914858,0
1608,0.910641,0.0940258,0
1609,0.911434,0.093053,0
1610,0.911879,0.092477,0
1611,0.909477,0.0955277,0
1612,0.908707,0.0964593,0
1613,0.910241,0.0944911,0
1614,0.911525,0.0929327,0
1615,0.912412,0.0918284,0
1616,0.911732,0.0926976,0
1617,0.911679,0.0927444,0
1618,0.911593,0.0927959,0
1619,0.910945,0.0936628,0
1620,0.91174,0.0926606,0
1621,0.911839,0.0925203,0
1622,0.91025,0.0945415,0
1623,0.909338,0.0956405,0
1624,0.910767,0.0938984,0
1625,0.909636,0.0953219,0
1626,0.907956,0.0974032,0
1627,0.909727,0.0951912,0
1628,0.902432,0.10418,0
1629,0.909449,0.0955405,0
1630,0.910101,0.0947025,0
1631,0.908611,0.0965614,0
1632,0.906527,0.099167,0
1633,0.909922,0.0949417,0
1634,0.907901,0.0974565,0
1635,0.908639,0.0964949,0
1636,0.907375,0.0981065,0
1637,0.910483,0.0942505,0
1638,0.909258,0.0957784,0
1639,0.908627,0.0965716,0
1640,0.909153,0.0959262,0
1641,0.907758,0.0976659,0
1642,0.790223,0.232668,0
1643,0.74506,0.280643,0
1644,0.881866,0.128572,0
1645,0.891978,0.11685,0
1646,0.902704,0.103922,0
1647,0.90482,0.101302,0
1648,0.904275,0.101981,0
1649,0.905924,0.0999113,0
1650,0.90517,0.10085,0
1651,0.900032,0.107161,0
1652,0.907384,0.0981473,0
1653,0.905102,0.100973,0
1654,0.896419,0.111562,0
1655,0.90341,0.10297,0
1656,0.906818,0.0987809,0
1657,0.907336,0.0981541,0
1658,0.89676,0.111141,0
1659,0.766294,0.258491,0
1660,0.873202,0.138482,0
1661,0.802259,0.217194,0
1662,0.900681,0.106332,0
1663,0.911143,0.0934335,0
1664,0.911452,0.0929812,0
1665,0.911921,0.0924061,0
1666,0.906814,0.0988405,0
1667,0.910818,0.0938097,0
1668,0.910664,0.0939695,0
1669,0.911315,0.0931572,0
1670,0.911428,0.0930614,0
1671,0.912177,0.0921236,0
1672,0.912557,0.0916472,0
1673,0.911461,0.0929975,0
1674,0.912608,0.0915436,0
1675,0.91247,0.0917498,0
1676,0.912999,0.0910609,0
1677,0.913042,0.0909884,0
1678,0.913291,0.0907005,0
1679,0.912082,0.092218,0
1680,0.905981,0.0998778,0
1681,0.902752,0.103877,0
1682,0.887312,0.122386,0
1683,0.71434,0.310596,0
1684,0.904688,0.101418,0
1685,0.911264,0.0931935,0
1686,0.910578,0.0941034,0
1687,0.907724,0.097675,0
1688,0.910359,0.0943833,0
1689,0.909708,0.0951976,0
1690,0.909729,0.0951486,0
1691,0.91253,0.0916336,0
1692,0.90987,0.0950268,0
1693,0.906743,0.0988984,0
1694,0.871572,0.140812,0
1695,0.845569,0.169843,0
1696,0.89819,0.109437,0
1697,0.882487,0.127943,0
1698,0.893239,0.115324,0
1699,0.907436,0.0980139,0
1700,0.908146,0.097165,0
1701,0.909815,0.0950899,0
1702,0.909355,0.095672,0
1703,0.908827,0.0963149,0
1704,0.90817,0.0971391,0
1705,0.910445,0.0942144,0
1706,0.911439,0.0929984,0
1707,0.910341,0.0943856,0
1708,0.908093,0.0972417,0
1709,0.910163,0.0946375,0
1710,0.909794,0.0951161,0
1711,0.908148,0.0971611,0
1712,0.908716,0.0964715,0
1713,0.907257,0.0982974,0
1714,0.906129,0.099702,0
1715,0.907011,0.0985603,0
1716,0.903448,0.102997,0
1717,0.9061,0.0997082,0
1718,0.910538,0.0941703,0
1719,0.904494,0.101712,0
1720,0.89971,0.107526,0
1721,0.909958,0.0949016,0
1722,0.909168,0.0958984,0
1723,0.910835,0.0937146,0
1724,0.911897,0.0924117,0
1725,0.909821,0.0950771,0
1726,0.830489,0.188116,0
1727,0.167338,0.811901,1
1728,0.063682,0.935373,1
1729,0.0550343,0.946931,1
1730,0.0550476,0.946918,1
1731,0.0560348,0.945017,1
1732,0.136831,0.847402,1
1733,0.22199,0.751916,1
1734,0.256315,0.716056,1
1735,0.351414,0.615766,1
1736,0.695629,0.327398,0
1737,0.67587,0.347026,0
1738,0.604668,0.409557,0
1739,0.251969,0.721996,1
1740,0.714482,0.311047,0
1741,0.673563,0.350074,0
1742,0.529716,0.481747,0
1743,0.69908,0.325399,0
1744,0.686549,0.335996,0
1745,0.474454,0.511181,1
1746,0.0554355,0.946308,1
1747,0.222709,0.750526,1
1748,0.0661184,0.931379,1
1749,0.0596361,0.939817,1
1750,0.205795,0.76942,1
1751,0.675735,0.346957,0
1752,0.342807,0.643005,1
1753,0.537979,0.454437,0
1754,0.686468,0.337376,0
1755,0.712612,0.310189,0
1756,0.300133,0.665063,1
1757,0.746524,0.278283,0
1758,0.517989,0.477212,0
1759,0.690802,0.333561,0
1760,0.628211,0.390833,0
1761,0.442253,0.535204,1
1762,0.0555325,0.945993,1
1763,0.0558102,0.94569,1
1764,0.0549817,0.947326,1
1765,0.0550607,0.947,1
1766,0.0586399,0.941902,1
1767,0.0549279,0.947259,1
1768,0.055818,0.945574,1
1769,0.0549214,0.947284,1
1770,0.054982,0.947371,1
1771,0.0550135,0.947398,1
1772,0.0549801,0.947385,1
1773,0.0549971,0.947444,1
1774,0.0550953,0.947027,1
1775,0.0550448,0.947427,1
1776,0.0550485,0.947083,1
1777,0.0549952,0.947158,1
1778,0.0564088,0.944809,1
1779,0.05511,0.946784,1
1780,0.0550114,0.947004,1
1781,0.0549445,0.947311,1
1782,0.36711,0.606661,1
1783,0.15853,0.821634,1
1784,0.121582,0.864889,1
1785,0.199024,0.776904,1
1786,0.224012,0.749424,1
1787,0.114395,0.873604,1
1788,0.0681208,0.929835,1
1789,0.193255,0.783088,1
1790,0.413518,0.560451,1
1791,0.0550726,0.946937,1
1792,0.0551863,0.946642,1
1793,0.361976,0.628477,1
1794,0.0550937,0.947464,1
1795,0.0555382,0.945786,1
1796,0.138173,0.84574,1
1797,0.252162,0.720789,1
1798,0.287984,0.683828,1
1799,0.119697,0.86734,1
1800,0.252831,0.719719,1
1801,0.644427,0.376696,0
1802,0.0551158,0.946551,1
1803,0.0550212,0.947037,1
1804,0.0550071,0.947424,1
1805,0.0551948,0.947424,1
1806,0.0550922,0.947452,1
1807,0.198408,0.777658,1
1808,0.553873,0.455139,0
1809,0.903047,0.10347,0
1810,0.894434,0.113892,0
1811,0.904849,0.101289,0
1812,0.909044,0.096079,0
1813,0.910731,0.0939315,0
1814,0.90719,0.098369,0
1815,0.908184,0.0971317,0
1816,0.906545,0.0991128,0
1817,0.905811,0.100029,0
1818,0.904051,0.102235,0
1819,0.9055,0.100448,0
1820,0.90551,0.100442,0
1821,0.904122,0.10217,0
1822,0.907933,0.097414,0
1823,0.909127,0.095922,0
1824,0.910819,0.0937899,0
1825,0.909552,0.0954164,0
1826,0.909748,0.0951846,0
1827,0.880058,0.130815,0
1828,0.907729,0.0976843,0
1829,0.905671,0.1002,0
1830,0.909504,0.0954004,0
1831,0.910684,0.0939815,0
1832,0.910934,0.0936917,0
1833,0.905371,0.100597,0
1834,0.906418,0.0993095,0
1835,0.909665,0.0952529,0
1836,0.911275,0.0932178,0
1837,0.912222,0.0920407,0
1838,0.912721,0.0913936,0
1839,0.911929,0.0924312,0
1840,0.912072,0.0922272,0
1841,0.910139,0.0946935,0
1842,0.908475,0.0967864,0
1843,0.902661,0.103969,0
1844,0.904119,0.102177,0
1845,0.885358,0.124606,0
1846,0.903977,0.102342,0
1847,0.758852,0.266024,0
1848,0.69811,0.326123,0
1849,0.779451,0.2416,0
1850,0.858935,0.154713,0
1851,0.858225,0.155184,0
1852,0.907767,0.0976225,0
1853,0.912015,0.0922588,0
1854,0.911047,0.0935167,0
1855,0.91339,0.0905047,0
1856,0.912387,0.0918614,0
1857,0.911469,0.0929605,0
1858,0.909807,0.0951098,0
1859,0.895113,0.113185,0
1860,0.888554,0.120879,0
1861,0.905554,0.100381,0
1862,0.902394,0.10428,0
1863,0.909609,0.0953524,0
1864,0.91094,0.0936416,0
1865,0.908962,0.0961252,0
1866,0.909645,0.0952534,0
1867,0.909997,0.0948388,0
1868,0.911228,0.0932842,0
1869,0.911477,0.0929515,0
1870,0.911808,0.0925225,0
1871,0.909658,0.0952868,0
1872,0.910217,0.0945541,0
1873,0.91116,0.0933423,0
1874,0.909648,0.0952282,0
1875,0.910564,0.0940988,0
1876,0.912586,0.0915594,0
1877,0.911866,0.0924925,0
1878,0.910771,0.0938729,0
1879,0.912682,0.0914501,0
1880,0.911877,0.0924387,0
1881,0.912652,0.0914339,0
1882,0.913143,0.0908416,0
1883,0.91336,0.0905741,0
1884,0.913068,0.0909107,0
1885,0.913101,0.0909088,0
1886,0.912217,0.092091,0
1887,0.910672,0.0940001,0
1888,0.911119,0.0934513,0
1889,0.907602,0.0978471,0
1890,0.905811,0.100021,0
1891,0.91134,0.0931338,0
1892,0.911621,0.092767,0
1893,0.912455,0.091723,0
1894,0.912776,0.0913551,0
1895,0.911859,0.0925256,0
1896,0.911231,0.0933219,0
1897,0.904777,0.101369,0
1898,0.896009,0.111988,0
1899,0.908257,0.0970157,0
1900,0.910623,0.094033,0
1901,0.911522,0.0928869,0
1902,0.911565,0.0928842,0
1903,0.910784,0.0938649,0
1904,0.90989,0.0949915,0
1905,0.909306,0.0957259,0
1906,0.91098,0.0935867,0
1907,0.911147,0.09338,0
1908,0.909211,0.0958417,0
1909,0.909801,0.0950995,0
1910,0.91123,0.0933175,0
1911,0.908473,0.096757,0
1912,0.907963,0.0974327,0
1913,0.911149,0.0934005,0
1914,0.910686,0.0939831,0
1915,0.909317,0.0956864,0
1916,0.91221,0.0920585,0
1917,0.912347,0.0918642,0
1918,0.911481,0.092937,0
1919,0.912773,0.0913285,0
1920,0.911851,0.092485,0
1921,0.910198,0.0946093,0
1922,0.912573,0.0916026,0
1923,0.910645,0.0940661,0
1924,0.909449,0.0955458,0
1925,0.90507,0.100978,0
1926,0.907447,0.0980193,0
1927,0.90784,0.09749,0
1928,0.909941,0.0948731,0
1929,0.909986,0.0948373,0
1930,0.912339,0.0919052,0
1931,0.912318,0.0919564,0
1932,0.909083,0.0960267,0
1933,0.91123,0.0933129,0
1934,0.908606,0.0966007,0
1935,0.90692,0.0986964,0
1936,0.906357,0.0993865,0
1937,0.896727,0.111184,0
1938,0.905388,0.100553,0
1939,0.910733,0.0939008,0
1940,0.911918,0.0924462,0
1941,0.907757,0.097676,0
1942,0.910733,0.0938897,0
1943,0.910279,0.0944614,0
1944,0.910564,0.0940828,0
1945,0.911843,0.0925523,0
1946,0.912636,0.0914971,0
1947,0.911664,0.0927689,0
1948,0.78027,0.24269,0
1949,0.358631,0.611074,1
1950,0.293747,0.674655,1
1951,0.718732,0.305827,0
1952,0.561064,0.449647,0
1953,0.86152,0.15137,0
1954,0.901407,0.10549,0
1955,0.904728,0.101404,0
1956,0.892104,0.116659,0
1957,0.894333,0.113971,0
1958,0.905484,0.100492,0
1959,0.891016,0.117988,0
1960,0.654023,0.369062,0
1961,0.712932,0.313191,0
1962,0.875532,0.13584,0
1963,0.909104,0.0959133,0
1964,0.912815,0.0912394,0
1965,0.913728,0.0901226,0
1966,0.90963,0.0953251,0
1967,0.902189,0.104576,0
1968,0.857635,0.156742,0
1969,0.882166,0.128247,0
1970,0.881128,0.129226,0
1971,0.909139,0.0958875,0
1972,0.912305,0.0918905,0
1973,0.911233,0.0932803,0
1974,0.911122,0.0933915,0
1975,0.911797,0.0925384,0
1976,0.912158,0.0920623,0
1977,0.912095,0.0921742,0
1978,0.912306,0.0919127,0
1979,0.912676,0.091465,0
1980,0.912183,0.0920864,0
1981,0.911193,0.0933653,0
1982,0.909415,0.0955755,0
1983,0.901643,0.105211,0
1984,0.883795,0.126639,0
1985,0.87968,0.131075,0
1986,0.858773,0.154859,0
1987,0.898298,0.109239,0
1988,0.911809,0.0925871,0
1989,0.911422,0.0930373,0
1990,0.911439,0.0930085,0
1991,0.911307,0.0932024,0
1992,0.910493,0.0942396,0
1993,0.909962,0.0948882,0
1994,0.909266,0.095772,0
1995,0.725665,0.299527,0
1996,0.883249,0.127257,0
1997,0.889392,0.119941,0
1998,0.890809,0.118155,0
1999,0.909861,0.0950147,0
2000,0.91123,0.0932652,0
2001,0.911413,0.0930659,0
2002,0.90937,0.0956398,0
2003,0.909697,0.0952136,0
2004,0.810537,0.210559,0
2005,0.769931,0.254397,0
2006,0.906218,0.0995555,0
2007,0.907652,0.0977477,0
2008,0.907189,0.098274,0
2009,0.911815,0.0925184,0
2010,0.909809,0.0950728,0
2011,0.909929,0.0949151,0
2012,0.87488,0.137532,0
2013,0.899931,0.107312,0
2014,0.732551,0.291589,0
2015,0.663688,0.357083,0
2016,0.714204,0.31055,0
2017,0.716196,0.309113,0
2018,0.889797,0.119519,0
2019,0.909331,0.0956762,0
2020,0.908602,0.0966149,0
2021,0.8979,0.109765,0
2022,0.909562,0.0953889,0
2023,0.901452,0.105463,0
2024,0.907703,0.0977364,0
2025,0.90795,0.097413,0
2026,0.910163,0.0946473,0
2027,0.910463,0.0942683,0
2028,0.908143,0.0971869,0
2029,0.905099,0.100911,0
2030,0.909868,0.0949716,0
2031,0.912234,0.0920426,0
2032,0.91311,0.0909141,0
2033,0.912443,0.091796,0
2034,0.91295,0.0910954,0
2035,0.912788,0.0913136,0
2036,0.912702,0.0914352,0
2037,0.910399,0.0942757,0
2038,0.909961,0.0949457,0
2039,0.900803,0.106219,0
2040,0.902409,0.104294,0
2041,0.904511,0.1017,0
2042,0.904808,0.101291,0
2043,0.902429,0.104231,0
2044,0.90578,0.10009,0
2045,0.908532,0.0967076,0
2046,0.905189,0.100851,0
2047,0.893781,0.114647,0
2048,0.905772,0.100137,0
2049,0.908422,0.0968317,0
2050,0.906373,0.0993357,0
2051,0.910081,0.0946898,0
2052,0.90427,0.101943,0
2053,0.804028,0.21711,0
2054,0.764228,0.255533,0
2055,0.698485,0.325354,0
2056,0.307609,0.664888,1
2057,0.89879,0.108698,0
2058,0.906535,0.099163,0
2059,0.909798,0.0950906,0
2060,0.91212,0.0921803,0
2061,0.9111,0.0934752,0
2062,0.9093,0.0956877,0
2063,0.908889,0.0961563,0
2064,0.91179,0.0926084,0
2065,0.910496,0.0942293,0
2066,0.910687,0.0939743,0
2067,0.910409,0.0943232,0
2068,0.910513,0.0942002,0
2069,0.90865,0.0965263,0
2070,0.90701,0.098591,0
2071,0.903907,0.102382,0
2072,0.857529,0.154292,0
