SeqID,prediction
1,[0.9135059118270874, 0.09042967110872269]
2,[0.9127880334854126, 0.09133601188659668]
3,[0.9107903838157654, 0.09383885562419891]
4,[0.9096364378929138, 0.09525161981582642]
5,[0.8983343243598938, 0.10921291261911392]
6,[0.9118585586547852, 0.0924823135137558]
7,[0.9099416136741638, 0.09488711506128311]
8,[0.9121637344360352, 0.09210430830717087]
9,[0.8985807299613953, 0.10890742391347885]
10,[0.9054816365242004, 0.100459523499012]
11,[0.9069581031799316, 0.09862970560789108]
12,[0.9037044644355774, 0.10265959799289703]
13,[0.9047510027885437, 0.10136771947145462]
14,[0.9075238704681396, 0.09793123602867126]
15,[0.9097442626953125, 0.09509161859750748]
16,[0.9114429950714111, 0.09305271506309509]
17,[0.9115963578224182, 0.09286690503358841]
18,[0.9100583791732788, 0.09477097541093826]
19,[0.9105901718139648, 0.09409772604703903]
20,[0.9029371738433838, 0.10363969206809998]
21,[0.9068007469177246, 0.09885619580745697]
22,[0.7174598574638367, 0.3077317774295807]
23,[0.903113842010498, 0.10338494181632996]
24,[0.9106093645095825, 0.0940500870347023]
25,[0.9104405641555786, 0.09428534656763077]
26,[0.9125695824623108, 0.09157448261976242]
27,[0.9114735126495361, 0.09300845116376877]
28,[0.9118421077728271, 0.09246788173913956]
29,[0.9126610159873962, 0.09143948554992676]
30,[0.911776602268219, 0.09258376806974411]
31,[0.9103277325630188, 0.0944402664899826]
32,[0.9097623825073242, 0.09514397382736206]
33,[0.9077678322792053, 0.09761645644903183]
34,[0.9085923433303833, 0.0966014713048935]
35,[0.9126774072647095, 0.09141019731760025]
36,[0.9099900126457214, 0.09488499164581299]
37,[0.9104252457618713, 0.0943191796541214]
38,[0.9105460047721863, 0.09416374564170837]
39,[0.9073284268379211, 0.09816371649503708]
40,[0.9074752926826477, 0.09800216555595398]
41,[0.9114482402801514, 0.09304922074079514]
42,[0.9119564890861511, 0.09238522499799728]
43,[0.9108836650848389, 0.09366431832313538]
44,[0.9121256470680237, 0.09214376658201218]
45,[0.9128789305686951, 0.09117139875888824]
46,[0.9126049280166626, 0.09152169525623322]
47,[0.9125930070877075, 0.09155742824077606]
48,[0.9126858711242676, 0.0914192721247673]
49,[0.9117056131362915, 0.09266804903745651]
50,[0.9101921916007996, 0.09460590034723282]
51,[0.9107147455215454, 0.09395522624254227]
52,[0.9054424166679382, 0.10051329433917999]
53,[0.9014593958854675, 0.10541979223489761]
54,[0.8981232047080994, 0.10943315178155899]
55,[0.9088643789291382, 0.09626197069883347]
56,[0.9079804420471191, 0.09733206778764725]
57,[0.9034263491630554, 0.10300465673208237]
58,[0.8955192565917969, 0.1129065603017807]
59,[0.9038705825805664, 0.10246966034173965]
60,[0.7786723375320435, 0.24403470754623413]
61,[0.8419809341430664, 0.1739749014377594]
62,[0.9004251956939697, 0.10668516159057617]
63,[0.9035959243774414, 0.10283242166042328]
64,[0.9007088541984558, 0.10638020932674408]
65,[0.8507503867149353, 0.16349396109580994]
66,[0.9027547836303711, 0.10383633524179459]
67,[0.9051984548568726, 0.10080330073833466]
68,[0.9112930297851562, 0.09316044300794601]
69,[0.9122282862663269, 0.09198908507823944]
70,[0.9130167365074158, 0.09102515131235123]
71,[0.9111096858978271, 0.09347596019506454]
72,[0.9105706214904785, 0.09411916136741638]
73,[0.9087467193603516, 0.0963984802365303]
74,[0.9115332365036011, 0.09291955828666687]
75,[0.9077038764953613, 0.09771513938903809]
76,[0.9111937284469604, 0.09329397231340408]
77,[0.911097526550293, 0.09347514808177948]
78,[0.9106439352035522, 0.09401572495698929]
79,[0.9104811549186707, 0.09426689893007278]
80,[0.9076570272445679, 0.09777481853961945]
81,[0.8765377402305603, 0.13516853749752045]
82,[0.84377121925354, 0.1717406064271927]
83,[0.7811497449874878, 0.2405846118927002]
84,[0.6942058205604553, 0.3301129937171936]
85,[0.7276503443717957, 0.29901430010795593]
86,[0.6906954646110535, 0.33007532358169556]
87,[0.3578975796699524, 0.6105450391769409]
88,[0.20065045356750488, 0.7743670344352722]
89,[0.7653825283050537, 0.25816887617111206]
90,[0.7058238983154297, 0.319019615650177]
91,[0.7970379590988159, 0.22272543609142303]
92,[0.8874626755714417, 0.12217935919761658]
93,[0.7071329951286316, 0.31826162338256836]
94,[0.8760678172111511, 0.13531126081943512]
95,[0.6502483487129211, 0.37213608622550964]
96,[0.4663391709327698, 0.511853039264679]
97,[0.2537529170513153, 0.7193253040313721]
98,[0.3052774667739868, 0.6657384634017944]
99,[0.11846402287483215, 0.8683404326438904]
100,[0.23342449963092804, 0.7399424314498901]
101,[0.057535167783498764, 0.9431878328323364]
102,[0.055169761180877686, 0.9474208354949951]
103,[0.06154778227210045, 0.9373329877853394]
104,[0.21409057080745697, 0.7602261900901794]
105,[0.7318264842033386, 0.29225942492485046]
106,[0.9123048186302185, 0.09188635647296906]
107,[0.9077640771865845, 0.09763617813587189]
108,[0.9109664559364319, 0.09362615644931793]
109,[0.9085513949394226, 0.09664208441972733]
110,[0.7969210743904114, 0.22518190741539001]
111,[0.9073708653450012, 0.09815356135368347]
112,[0.9046669006347656, 0.10153638571500778]
113,[0.9047682881355286, 0.10136467218399048]
114,[0.9100778698921204, 0.09474139660596848]
115,[0.9131328463554382, 0.09088333696126938]
116,[0.9128124117851257, 0.09128924459218979]
117,[0.9130744934082031, 0.09097840636968613]
118,[0.9110621809959412, 0.093553327023983]
119,[0.909379243850708, 0.09563670307397842]
120,[0.9075291752815247, 0.09793782979249954]
121,[0.8998119831085205, 0.10744617134332657]
122,[0.8643924593925476, 0.14863230288028717]
123,[0.7745679616928101, 0.24704277515411377]
124,[0.9053545594215393, 0.10063590109348297]
125,[0.9020588397979736, 0.10471955686807632]
126,[0.9093566536903381, 0.09563809633255005]
127,[0.911237359046936, 0.09325015544891357]
128,[0.9111753106117249, 0.09335333108901978]
129,[0.9101951718330383, 0.0945957824587822]
130,[0.9101999998092651, 0.09460493177175522]
131,[0.9114327430725098, 0.09304551035165787]
132,[0.9115725755691528, 0.09286310523748398]
133,[0.9124268293380737, 0.0917472392320633]
134,[0.9127631187438965, 0.0913105458021164]
135,[0.9126806259155273, 0.09143002331256866]
136,[0.9124909043312073, 0.09168938547372818]
137,[0.9118221402168274, 0.09257063269615173]
138,[0.9080554246902466, 0.09732279926538467]
139,[0.9055044651031494, 0.10043598711490631]
140,[0.9071385860443115, 0.09840473532676697]
141,[0.9080187678337097, 0.0973091572523117]
142,[0.9089716076850891, 0.0961402878165245]
143,[0.9102224111557007, 0.09455286711454391]
144,[0.9084469079971313, 0.0967828780412674]
145,[0.9041175842285156, 0.10217592120170593]
146,[0.7672154307365417, 0.2550092935562134]
147,[0.7010841369628906, 0.32344233989715576]
148,[0.6299106478691101, 0.389339804649353]
149,[0.7426711320877075, 0.2811385691165924]
150,[0.8004234433174133, 0.21938374638557434]
151,[0.9064955115318298, 0.09923850744962692]
152,[0.9107733964920044, 0.09387046843767166]
153,[0.9112564921379089, 0.09324096143245697]
154,[0.9117471575737, 0.09265540540218353]
155,[0.9113249778747559, 0.09317029267549515]
156,[0.9106014370918274, 0.09402787685394287]
157,[0.9064353704452515, 0.0992613285779953]
158,[0.9085065722465515, 0.09669312834739685]
159,[0.9092265963554382, 0.09579687565565109]
160,[0.904120683670044, 0.10217846184968948]
161,[0.8997179269790649, 0.1075451672077179]
162,[0.9030364155769348, 0.10350442677736282]
163,[0.7146008014678955, 0.31139129400253296]
164,[0.5369128584861755, 0.4631081819534302]
165,[0.9005231261253357, 0.1065879836678505]
166,[0.907751739025116, 0.0976603552699089]
167,[0.9099653959274292, 0.09485169500112534]
168,[0.9110870361328125, 0.09345170110464096]
169,[0.9113454818725586, 0.09317947924137115]
170,[0.9052929878234863, 0.10075348615646362]
171,[0.8016687631607056, 0.22002869844436646]
172,[0.7747652530670166, 0.24683545529842377]
173,[0.9041188359260559, 0.10215162485837936]
174,[0.9098862409591675, 0.09493967890739441]
175,[0.911564826965332, 0.09285900741815567]
176,[0.9105032086372375, 0.09420575201511383]
177,[0.9123445153236389, 0.09189552813768387]
178,[0.9121586084365845, 0.09206635504961014]
179,[0.9123512506484985, 0.09185132384300232]
180,[0.9122309684753418, 0.0920587033033371]
181,[0.9119870066642761, 0.09237724542617798]
182,[0.9028831720352173, 0.10369904339313507]
183,[0.7093262076377869, 0.31601646542549133]
184,[0.7087593674659729, 0.3160756826400757]
185,[0.6965894103050232, 0.3274165987968445]
186,[0.6525048613548279, 0.3698435127735138]
187,[0.7464600801467896, 0.27752912044525146]
188,[0.9047672152519226, 0.10136718302965164]
189,[0.9095031023025513, 0.09544585645198822]
190,[0.9108102321624756, 0.09377999603748322]
191,[0.9122504591941833, 0.09198351949453354]
192,[0.9106903076171875, 0.09400077909231186]
193,[0.9068192839622498, 0.09884241968393326]
194,[0.9090875387191772, 0.09599912911653519]
195,[0.9080238938331604, 0.09729932993650436]
196,[0.9089462757110596, 0.09614277631044388]
197,[0.9081577658653259, 0.0971774309873581]
198,[0.9022462368011475, 0.10447431355714798]
199,[0.7024110555648804, 0.3218348026275635]
200,[0.6818065643310547, 0.33935636281967163]
201,[0.6876650452613831, 0.335567444562912]
202,[0.6235802173614502, 0.3944324553012848]
203,[0.8967583775520325, 0.11105608195066452]
204,[0.9033708572387695, 0.10306645184755325]
205,[0.905401885509491, 0.10056234896183014]
206,[0.9048643112182617, 0.10122695565223694]
207,[0.9080591797828674, 0.09727191925048828]
208,[0.9085533618927002, 0.09662214666604996]
209,[0.9093531370162964, 0.09563244134187698]
210,[0.9078651666641235, 0.09750230610370636]
211,[0.908595085144043, 0.09659477323293686]
212,[0.8995887041091919, 0.10771510004997253]
213,[0.9025852084159851, 0.10407420992851257]
214,[0.8839564323425293, 0.1262703388929367]
215,[0.7219843864440918, 0.3024097979068756]
216,[0.9045974612236023, 0.10158561915159225]
217,[0.9070277214050293, 0.09855016320943832]
218,[0.86324542760849, 0.1506299376487732]
219,[0.6629738211631775, 0.35966023802757263]
220,[0.5994580984115601, 0.41492196917533875]
221,[0.8961644172668457, 0.11179731786251068]
222,[0.9039260149002075, 0.10239575803279877]
223,[0.9116990566253662, 0.09268108755350113]
224,[0.9104474782943726, 0.09428825974464417]
225,[0.908951997756958, 0.09612881392240524]
226,[0.9105964303016663, 0.09406894445419312]
227,[0.9059799909591675, 0.09984736889600754]
228,[0.905091404914856, 0.10097667574882507]
229,[0.7330000400543213, 0.2919863164424896]
230,[0.12926048040390015, 0.855972170829773]
231,[0.15463607013225555, 0.8255456686019897]
232,[0.7218508124351501, 0.30263856053352356]
233,[0.9050316214561462, 0.10101161152124405]
234,[0.9108389616012573, 0.09375473111867905]
235,[0.9117222428321838, 0.09265545755624771]
236,[0.9071143269538879, 0.0984652191400528]
237,[0.8641144633293152, 0.14993371069431305]
238,[0.8897044658660889, 0.11973238736391068]
239,[0.8976501822471619, 0.11012712866067886]
240,[0.9061539769172668, 0.0996185690164566]
241,[0.9091513752937317, 0.09587202966213226]
242,[0.9082409739494324, 0.09701718389987946]
243,[0.9092270731925964, 0.09578925371170044]
244,[0.9081489443778992, 0.09714383631944656]
245,[0.9077771306037903, 0.09760664403438568]
246,[0.9102246761322021, 0.0945480540394783]
247,[0.9103894829750061, 0.09427282959222794]
248,[0.912979006767273, 0.09101682901382446]
249,[0.9122793078422546, 0.09196124225854874]
250,[0.9122106432914734, 0.09205447882413864]
251,[0.9116607308387756, 0.09276130050420761]
252,[0.9088716506958008, 0.09624965488910675]
253,[0.908211350440979, 0.09705179929733276]
254,[0.9078506231307983, 0.09751003235578537]
255,[0.9039691686630249, 0.10235893726348877]
256,[0.8862884044647217, 0.12395690381526947]
257,[0.8991826772689819, 0.1082349494099617]
258,[0.9089860916137695, 0.09608139842748642]
259,[0.907339334487915, 0.09812308847904205]
260,[0.9099305868148804, 0.09489970654249191]
261,[0.908782422542572, 0.09637045115232468]
262,[0.908683717250824, 0.0964958593249321]
263,[0.9077211618423462, 0.09769875556230545]
264,[0.8962615132331848, 0.11170247942209244]
265,[0.9085654616355896, 0.09662489593029022]
266,[0.9056710600852966, 0.10022737830877304]
267,[0.9111489057540894, 0.09334522485733032]
268,[0.912386953830719, 0.09179054945707321]
269,[0.9117700457572937, 0.09260598570108414]
270,[0.9107245206832886, 0.09394735097885132]
271,[0.910084068775177, 0.09475231915712357]
272,[0.9067544937133789, 0.0989035964012146]
273,[0.9056806564331055, 0.10019417852163315]
274,[0.9081661105155945, 0.09709139168262482]
275,[0.9085229635238647, 0.0966930240392685]
276,[0.9090901017189026, 0.09596004337072372]
277,[0.9102491140365601, 0.09450777620077133]
278,[0.9101120233535767, 0.09466766566038132]
279,[0.8911636471748352, 0.1182657852768898]
280,[0.9107686281204224, 0.09387970715761185]
281,[0.9117709994316101, 0.09259390085935593]
282,[0.9088638424873352, 0.09624896943569183]
283,[0.9104162454605103, 0.09428898990154266]
284,[0.9117583632469177, 0.09267723560333252]
285,[0.9116320013999939, 0.09279056638479233]
286,[0.912070095539093, 0.0922209694981575]
287,[0.9112321138381958, 0.09330830723047256]
288,[0.9116427302360535, 0.09278836101293564]
289,[0.9115464091300964, 0.09289062023162842]
290,[0.9114282727241516, 0.09304221719503403]
291,[0.910683274269104, 0.0939919650554657]
292,[0.9104683995246887, 0.09427081048488617]
293,[0.9108213186264038, 0.09384294599294662]
294,[0.9006751179695129, 0.10639908909797668]
295,[0.9033141732215881, 0.10317054390907288]
296,[0.9065960645675659, 0.09904175251722336]
297,[0.9103357195854187, 0.09437485039234161]
298,[0.9083824157714844, 0.09683910012245178]
299,[0.9099569320678711, 0.09483865648508072]
300,[0.9116004109382629, 0.09285488724708557]
301,[0.9121490716934204, 0.0921015590429306]
302,[0.9123589992523193, 0.09185229986906052]
303,[0.9131197333335876, 0.09089291095733643]
304,[0.9134761095046997, 0.09043025970458984]
305,[0.9136427044868469, 0.0902256891131401]
306,[0.9138293266296387, 0.089998759329319]
307,[0.9130083918571472, 0.0910361260175705]
308,[0.912372887134552, 0.0917954295873642]
309,[0.9121646285057068, 0.09207389503717422]
310,[0.9108377695083618, 0.0937429815530777]
311,[0.9085096716880798, 0.09668697416782379]
312,[0.9071921706199646, 0.09834107011556625]
313,[0.9110002517700195, 0.0935635194182396]
314,[0.9100401401519775, 0.09478236734867096]
315,[0.9057987928390503, 0.1000683382153511]
316,[0.9083274006843567, 0.09690637141466141]
317,[0.9100156426429749, 0.09481988847255707]
318,[0.906868577003479, 0.09875981509685516]
319,[0.9072422981262207, 0.0982777327299118]
320,[0.9079472422599792, 0.09737170487642288]
321,[0.9096188545227051, 0.09529421478509903]
322,[0.9103313684463501, 0.09444853663444519]
323,[0.9104150533676147, 0.09428789466619492]
324,[0.9093363881111145, 0.0956440195441246]
325,[0.9113656878471375, 0.09307454526424408]
326,[0.9117408990859985, 0.09264060854911804]
327,[0.9084276556968689, 0.09681723266839981]
328,[0.9109510779380798, 0.0936383381485939]
329,[0.9083380103111267, 0.09694843739271164]
330,[0.908835768699646, 0.0962996631860733]
331,[0.9092857241630554, 0.09572769701480865]
332,[0.910354495048523, 0.09436681866645813]
333,[0.9090508818626404, 0.095973901450634]
334,[0.9101598262786865, 0.09459840506315231]
335,[0.9093459248542786, 0.09564810246229172]
336,[0.9095869064331055, 0.09532076120376587]
337,[0.9117032289505005, 0.09270253777503967]
338,[0.9118887782096863, 0.09244517982006073]
339,[0.9096730351448059, 0.09526006132364273]
340,[0.9110278487205505, 0.09355947375297546]
341,[0.9028765559196472, 0.10372455418109894]
342,[0.9029684066772461, 0.10355735570192337]
343,[0.9101203083992004, 0.09465351700782776]
344,[0.9119820594787598, 0.09229881316423416]
345,[0.9113710522651672, 0.0931028500199318]
346,[0.909441351890564, 0.09552554786205292]
347,[0.7802897691726685, 0.24328528344631195]
348,[0.886114239692688, 0.12383338063955307]
349,[0.854985773563385, 0.15888169407844543]
350,[0.8842684030532837, 0.12572667002677917]
351,[0.9078842401504517, 0.09747565537691116]
352,[0.9047600626945496, 0.10135743021965027]
353,[0.9042965173721313, 0.10195592790842056]
354,[0.9008723497390747, 0.10615931451320648]
355,[0.9061343669891357, 0.09964784979820251]
356,[0.9116858839988708, 0.09267528355121613]
357,[0.9107186794281006, 0.09394489228725433]
358,[0.9101561307907104, 0.09463920444250107]
359,[0.9107071161270142, 0.09394551068544388]
360,[0.9091861844062805, 0.0958382859826088]
361,[0.9101365208625793, 0.09463697671890259]
362,[0.909149706363678, 0.09589503705501556]
363,[0.9097794890403748, 0.09511776268482208]
364,[0.9064033627510071, 0.0993359386920929]
365,[0.9013619422912598, 0.10557029396295547]
366,[0.7488793134689331, 0.2747540771961212]
367,[0.8949857354164124, 0.11325297504663467]
368,[0.9032818675041199, 0.10317132622003555]
369,[0.9035590887069702, 0.10283536463975906]
370,[0.9040418267250061, 0.10226250439882278]
371,[0.9069097638130188, 0.09868200123310089]
372,[0.9067710638046265, 0.0988931804895401]
373,[0.9050309658050537, 0.1010206863284111]
374,[0.9047842621803284, 0.10133789479732513]
375,[0.8995774388313293, 0.1077524796128273]
376,[0.9005197286605835, 0.10657254606485367]
377,[0.9066733717918396, 0.09895841777324677]
378,[0.9055817127227783, 0.10035449266433716]
379,[0.9081246256828308, 0.09718231856822968]
380,[0.9028113484382629, 0.10377617180347443]
381,[0.8941759467124939, 0.11427997052669525]
382,[0.8366439342498779, 0.17919215559959412]
383,[0.8953976631164551, 0.11278459429740906]
384,[0.8399882316589355, 0.1773490011692047]
385,[0.7611691951751709, 0.2628623843193054]
386,[0.7260635495185852, 0.2988901436328888]
387,[0.7727411389350891, 0.24957971274852753]
388,[0.9037055373191833, 0.10266820341348648]
389,[0.90835040807724, 0.09688609093427658]
390,[0.9110172986984253, 0.09356675297021866]
391,[0.9107422232627869, 0.09388907998800278]
392,[0.9120676517486572, 0.09224776923656464]
393,[0.9110525846481323, 0.09344960004091263]
394,[0.9080377221107483, 0.09732066839933395]
395,[0.9089879393577576, 0.09612324833869934]
396,[0.9070231318473816, 0.09858791530132294]
397,[0.8973506689071655, 0.11046227812767029]
398,[0.8891608119010925, 0.12023285776376724]
399,[0.7526184916496277, 0.2718760073184967]
400,[0.7080742716789246, 0.3167330026626587]
401,[0.7350860834121704, 0.2891313135623932]
402,[0.9103360176086426, 0.09438173472881317]
403,[0.9099966287612915, 0.09482730180025101]
404,[0.8914486765861511, 0.11769014596939087]
405,[0.903409481048584, 0.10303299874067307]
406,[0.9022141695022583, 0.10454235970973969]
407,[0.835077166557312, 0.18091973662376404]
408,[0.9092692732810974, 0.09575242549180984]
409,[0.9118364453315735, 0.09249135106801987]
410,[0.9115878939628601, 0.0928768664598465]
411,[0.9085279703140259, 0.09671095758676529]
412,[0.9015679955482483, 0.10533350706100464]
413,[0.905327320098877, 0.10067722946405411]
414,[0.907565712928772, 0.09786417335271835]
415,[0.9084506630897522, 0.09677168726921082]
416,[0.911652147769928, 0.09276159107685089]
417,[0.9122229814529419, 0.09207066148519516]
418,[0.9099431037902832, 0.09493689984083176]
419,[0.9069581031799316, 0.09863964468240738]
420,[0.9087588787078857, 0.09641515463590622]
421,[0.9099465608596802, 0.09492139518260956]
422,[0.9099258184432983, 0.09497728198766708]
423,[0.9118831157684326, 0.09246974438428879]
424,[0.912115752696991, 0.09213890135288239]
425,[0.9121007323265076, 0.09216894954442978]
426,[0.9125674366950989, 0.09162113815546036]
427,[0.9118195176124573, 0.09253813326358795]
428,[0.9111029505729675, 0.09345341473817825]
429,[0.9103665351867676, 0.09438179433345795]
430,[0.9097001552581787, 0.09514706581830978]
431,[0.9111246466636658, 0.0933954119682312]
432,[0.9118021726608276, 0.09253887087106705]
433,[0.9118026494979858, 0.09256789088249207]
434,[0.9115697741508484, 0.09284834563732147]
435,[0.9113839864730835, 0.09309510141611099]
436,[0.9107878804206848, 0.09386589378118515]
437,[0.909425675868988, 0.09555616229772568]
438,[0.8763853311538696, 0.1347135603427887]
439,[0.8736377954483032, 0.13830284774303436]
440,[0.6980865001678467, 0.32606106996536255]
441,[0.6880735158920288, 0.3358681797981262]
442,[0.8791349530220032, 0.13202610611915588]
443,[0.8431515693664551, 0.1722070276737213]
444,[0.9084868431091309, 0.0967227965593338]
445,[0.9087924957275391, 0.09633448719978333]
446,[0.9097057580947876, 0.0951976552605629]
447,[0.9103623032569885, 0.09436571598052979]
448,[0.9105090498924255, 0.09418559074401855]
449,[0.9096481800079346, 0.09525909274816513]
450,[0.9106155633926392, 0.09405715763568878]
451,[0.904955267906189, 0.10111798346042633]
452,[0.8778234124183655, 0.13368616998195648]
453,[0.8747501373291016, 0.13698802888393402]
454,[0.8023999333381653, 0.21671922504901886]
455,[0.9002978205680847, 0.10686405003070831]
456,[0.9067389369010925, 0.09891074895858765]
457,[0.9067559838294983, 0.09887540340423584]
458,[0.9082133173942566, 0.09708002209663391]
459,[0.9097305536270142, 0.09515241533517838]
460,[0.9045263528823853, 0.10165062546730042]
461,[0.907640814781189, 0.09777595102787018]
462,[0.9113249182701111, 0.09312523901462555]
463,[0.9107447862625122, 0.09386062622070312]
464,[0.9116087555885315, 0.09278541058301926]
465,[0.9124582409858704, 0.09173667430877686]
466,[0.9124021530151367, 0.09176862239837646]
467,[0.9116514325141907, 0.09272002428770065]
468,[0.9110946655273438, 0.09345517307519913]
469,[0.9089075922966003, 0.09622308611869812]
470,[0.9090332388877869, 0.09602086991071701]
471,[0.9071425199508667, 0.09836893528699875]
472,[0.9107673168182373, 0.09388952702283859]
473,[0.9108781814575195, 0.09375051409006119]
474,[0.911442220211029, 0.09303051233291626]
475,[0.9113655686378479, 0.09308145195245743]
476,[0.9113800525665283, 0.09312096983194351]
477,[0.9103792905807495, 0.09435785561800003]
478,[0.9113368988037109, 0.09317498654127121]
479,[0.9116484522819519, 0.09273990988731384]
480,[0.9111347198486328, 0.09341780841350555]
481,[0.9118872880935669, 0.09243587404489517]
482,[0.912243664264679, 0.09196899086236954]
483,[0.9064587950706482, 0.09922392666339874]
484,[0.9065625071525574, 0.09912826120853424]
485,[0.9086159467697144, 0.09656520187854767]
486,[0.9076831340789795, 0.09770635515451431]
487,[0.9102052450180054, 0.09454944729804993]
488,[0.9116864800453186, 0.09267384558916092]
489,[0.910516619682312, 0.09415644407272339]
490,[0.911477267742157, 0.09297041594982147]
491,[0.9115556478500366, 0.09285051375627518]
492,[0.9126121997833252, 0.09156367182731628]
493,[0.9105538129806519, 0.0941070020198822]
494,[0.9102011919021606, 0.09460879117250443]
495,[0.9074610471725464, 0.09802458435297012]
496,[0.907261312007904, 0.09824386984109879]
497,[0.9068147540092468, 0.0988374873995781]
498,[0.9047444462776184, 0.10137519985437393]
499,[0.8889297842979431, 0.12034377455711365]
500,[0.9068654775619507, 0.09872961789369583]
501,[0.8987658023834229, 0.1086835116147995]
502,[0.894633412361145, 0.11363690346479416]
503,[0.9070348143577576, 0.09850611537694931]
504,[0.9115788340568542, 0.09281790256500244]
505,[0.910817563533783, 0.0937860980629921]
506,[0.91158527135849, 0.09280712157487869]
507,[0.9086077213287354, 0.0965982973575592]
508,[0.9104738235473633, 0.09423299878835678]
509,[0.9093847870826721, 0.09556964784860611]
510,[0.9069478511810303, 0.09864538908004761]
511,[0.9086092710494995, 0.09660372883081436]
512,[0.9067407846450806, 0.09891615062952042]
513,[0.9049322605133057, 0.10117188841104507]
514,[0.9081827402114868, 0.09713993966579437]
515,[0.9087330102920532, 0.09641755372285843]
516,[0.9100550413131714, 0.09473225474357605]
517,[0.9100727438926697, 0.09475549310445786]
518,[0.9108361601829529, 0.09382099658250809]
519,[0.9119691848754883, 0.09235560148954391]
520,[0.9105740785598755, 0.09410452097654343]
521,[0.9120725989341736, 0.09222710132598877]
522,[0.913005530834198, 0.09103947877883911]
523,[0.912514328956604, 0.09159886837005615]
524,[0.9116676449775696, 0.09273068606853485]
525,[0.9105049967765808, 0.0942162498831749]
526,[0.90960693359375, 0.09534790366888046]
527,[0.9050397276878357, 0.10102584958076477]
528,[0.9050049185752869, 0.10100875049829483]
529,[0.9079216718673706, 0.0973968431353569]
530,[0.9100915789604187, 0.09473130106925964]
531,[0.9118039011955261, 0.09254475682973862]
532,[0.9121414422988892, 0.09211552143096924]
533,[0.9127392172813416, 0.0913916677236557]
534,[0.9125634431838989, 0.09162654727697372]
535,[0.9117691516876221, 0.09259164333343506]
536,[0.9120434522628784, 0.09223581850528717]
537,[0.9122152328491211, 0.0920020192861557]
538,[0.9128106832504272, 0.09126880019903183]
539,[0.9127468466758728, 0.0913611650466919]
540,[0.9129403233528137, 0.09114887565374374]
541,[0.9130622744560242, 0.09098957479000092]
542,[0.9119166135787964, 0.09243173152208328]
543,[0.911573052406311, 0.09287367016077042]
544,[0.9060261249542236, 0.09982270002365112]
545,[0.8009503483772278, 0.2204367071390152]
546,[0.5586274862289429, 0.4395233988761902]
547,[0.5924988389015198, 0.41588476300239563]
548,[0.8440758585929871, 0.17092591524124146]
549,[0.9095696806907654, 0.09530261158943176]
550,[0.912316620349884, 0.09191834926605225]
551,[0.9129546284675598, 0.09112217277288437]
552,[0.9123273491859436, 0.09190584719181061]
553,[0.9128566980361938, 0.09123977273702621]
554,[0.9134111404418945, 0.09054378420114517]
555,[0.913092851638794, 0.090960294008255]
556,[0.911224901676178, 0.09330572932958603]
557,[0.9116191267967224, 0.09282127767801285]
558,[0.9116733074188232, 0.09274433553218842]
559,[0.9110759496688843, 0.0935019925236702]
560,[0.9066705107688904, 0.0990045890212059]
561,[0.9078403115272522, 0.09755537658929825]
562,[0.8880788683891296, 0.12154301255941391]
563,[0.6454953551292419, 0.3766409158706665]
564,[0.7104188799858093, 0.3153558075428009]
565,[0.7640177607536316, 0.2584480047225952]
566,[0.8196135759353638, 0.19883818924427032]
567,[0.6654093265533447, 0.35809192061424255]
568,[0.7401281595230103, 0.2856071889400482]
569,[0.5056196451187134, 0.4800468385219574]
570,[0.6288211941719055, 0.39123207330703735]
571,[0.6108667850494385, 0.407642126083374]
572,[0.7730542421340942, 0.2490842640399933]
573,[0.7253598570823669, 0.300184041261673]
574,[0.802726686000824, 0.21824488043785095]
575,[0.7434796690940857, 0.2809911370277405]
576,[0.8758202195167542, 0.13569091260433197]
577,[0.9017406105995178, 0.10504238307476044]
578,[0.9129742383956909, 0.09109319746494293]
579,[0.9124463200569153, 0.09171400964260101]
580,[0.9123496413230896, 0.09191739559173584]
581,[0.9065646529197693, 0.0991235226392746]
582,[0.78288733959198, 0.240287184715271]
583,[0.6229703426361084, 0.3948933780193329]
584,[0.8395113945007324, 0.17600403726100922]
585,[0.7674104571342468, 0.2568199336528778]
586,[0.7591917514801025, 0.2630148231983185]
587,[0.905975878238678, 0.09983178973197937]
588,[0.9043868780136108, 0.1018349677324295]
589,[0.9053794741630554, 0.10057737678289413]
590,[0.9065073728561401, 0.099176324903965]
591,[0.9010765552520752, 0.10590054839849472]
592,[0.8896220922470093, 0.11952042579650879]
593,[0.9076265096664429, 0.09779012948274612]
594,[0.9076961874961853, 0.09773781150579453]
595,[0.9093033671379089, 0.09574773907661438]
596,[0.9110955595970154, 0.09345874190330505]
597,[0.900538980960846, 0.1065593957901001]
598,[0.9094262719154358, 0.09557091444730759]
599,[0.9090331792831421, 0.09606411308050156]
600,[0.9073805809020996, 0.09814988821744919]
601,[0.9084438681602478, 0.09679044783115387]
602,[0.9041197896003723, 0.10214150696992874]
603,[0.9064843654632568, 0.09924647212028503]
604,[0.9032801985740662, 0.10323116183280945]
605,[0.9044855833053589, 0.10172766447067261]
606,[0.9039950966835022, 0.10230725258588791]
607,[0.9076720476150513, 0.0977535992860794]
608,[0.9079204797744751, 0.09743999689817429]
609,[0.9099510908126831, 0.09491156041622162]
610,[0.9085283875465393, 0.09667695313692093]
611,[0.9113172888755798, 0.09315823018550873]
612,[0.9121268391609192, 0.0921848863363266]
613,[0.9107457995414734, 0.09394469112157822]
614,[0.9117573499679565, 0.09266629815101624]
615,[0.9073809385299683, 0.09812565892934799]
616,[0.9079705476760864, 0.09734252095222473]
617,[0.9095761775970459, 0.09535256773233414]
618,[0.9095616936683655, 0.0953957587480545]
619,[0.9087433218955994, 0.0964406356215477]
620,[0.9071791768074036, 0.09838511794805527]
621,[0.9035343527793884, 0.10289690643548965]
622,[0.8964707255363464, 0.11151030659675598]
623,[0.8962204456329346, 0.11172816902399063]
624,[0.7395694851875305, 0.28443148732185364]
625,[0.9064292907714844, 0.09925670176744461]
626,[0.9091982841491699, 0.09580784291028976]
627,[0.9058725237846375, 0.0999966561794281]
628,[0.9068702459335327, 0.09875913709402084]
629,[0.9070557951927185, 0.09850746393203735]
630,[0.9076939821243286, 0.09770850092172623]
631,[0.9107129573822021, 0.09390032291412354]
632,[0.9112090468406677, 0.0932837650179863]
633,[0.9116547107696533, 0.09271141141653061]
634,[0.9114173650741577, 0.09305589646100998]
635,[0.9081078171730042, 0.09720835834741592]
636,[0.9087691307067871, 0.09639591723680496]
637,[0.9042279720306396, 0.1020401269197464]
638,[0.8789657354354858, 0.13171502947807312]
639,[0.8994458317756653, 0.1078772097826004]
640,[0.9013815522193909, 0.10555890202522278]
641,[0.903498649597168, 0.10292618721723557]
642,[0.9086273908615112, 0.0965450331568718]
643,[0.9090843796730042, 0.09596600383520126]
644,[0.9107187986373901, 0.09393645077943802]
645,[0.908054530620575, 0.09721478819847107]
646,[0.9092341661453247, 0.0957375168800354]
647,[0.9113873839378357, 0.0930420532822609]
648,[0.9135533571243286, 0.09033970534801483]
649,[0.9131425619125366, 0.0908903107047081]
650,[0.912031352519989, 0.09230797737836838]
651,[0.9121173024177551, 0.09215446561574936]
652,[0.9094817638397217, 0.09552406519651413]
653,[0.904654324054718, 0.10148961842060089]
654,[0.9117196202278137, 0.09264076501131058]
655,[0.9118689298629761, 0.09250020235776901]
656,[0.9099322557449341, 0.09493706375360489]
657,[0.9035661816596985, 0.10286932438611984]
658,[0.9029828906059265, 0.10356531292200089]
659,[0.9102423787117004, 0.0944819226861]
660,[0.9073144793510437, 0.09815535694360733]
661,[0.9115900993347168, 0.09280847012996674]
662,[0.9111233353614807, 0.09343335777521133]
663,[0.9102141261100769, 0.0945589542388916]
664,[0.9113954901695251, 0.0930551141500473]
665,[0.9112547039985657, 0.09323336184024811]
666,[0.9118700623512268, 0.09249605238437653]
667,[0.9034441113471985, 0.10301528126001358]
668,[0.9022141695022583, 0.10454177856445312]
669,[0.9012225270271301, 0.10572797060012817]
670,[0.9011309146881104, 0.10582710057497025]
671,[0.9089170098304749, 0.09617400169372559]
672,[0.9118263125419617, 0.09251121431589127]
673,[0.9118949174880981, 0.09242776036262512]
674,[0.9117563366889954, 0.09261783212423325]
675,[0.9094709157943726, 0.09550566971302032]
676,[0.9018506407737732, 0.10497616976499557]
677,[0.9063401818275452, 0.09940477460622787]
678,[0.9063043594360352, 0.09941262751817703]
679,[0.9010984301567078, 0.10588577389717102]
680,[0.9078559279441833, 0.09750329703092575]
681,[0.9104371666908264, 0.09427754580974579]
682,[0.9102076292037964, 0.09456530958414078]
683,[0.9118451476097107, 0.09245889633893967]
684,[0.9108526110649109, 0.0937834158539772]
685,[0.9007986187934875, 0.10624529421329498]
686,[0.8981130719184875, 0.10953082889318466]
687,[0.9012073278427124, 0.10574941337108612]
688,[0.9089440107345581, 0.09612170606851578]
689,[0.9131581783294678, 0.09084704518318176]
690,[0.9127984046936035, 0.091335728764534]
691,[0.9128146767616272, 0.09130840748548508]
692,[0.9109135270118713, 0.0937080904841423]
693,[0.9090840220451355, 0.09599556028842926]
694,[0.9093906879425049, 0.09560687839984894]
695,[0.9100140929222107, 0.09482832252979279]
696,[0.9079689383506775, 0.09741070866584778]
697,[0.9071508646011353, 0.09837724268436432]
698,[0.9059181213378906, 0.09989162534475327]
699,[0.9015360474586487, 0.10531081259250641]
700,[0.9048421382904053, 0.10123668611049652]
701,[0.9097145795822144, 0.09517820179462433]
702,[0.9088772535324097, 0.09622510522603989]
703,[0.9087069034576416, 0.09644812345504761]
704,[0.9093359708786011, 0.09564942121505737]
705,[0.9117307662963867, 0.09263232350349426]
706,[0.91245037317276, 0.0917203351855278]
707,[0.9128398299217224, 0.09123985469341278]
708,[0.9126990437507629, 0.09143715351819992]
709,[0.9126543998718262, 0.09150774776935577]
710,[0.9113598465919495, 0.09312655031681061]
711,[0.9115056991577148, 0.09296279400587082]
712,[0.9119536876678467, 0.0923643484711647]
713,[0.9116550087928772, 0.09277282655239105]
714,[0.911054790019989, 0.09349127113819122]
715,[0.9119390249252319, 0.09238196164369583]
716,[0.9112042188644409, 0.09336691349744797]
717,[0.9073846936225891, 0.09811904281377792]
718,[0.9083436131477356, 0.09691692143678665]
719,[0.9084473252296448, 0.09674613922834396]
720,[0.9064087271690369, 0.09930426627397537]
721,[0.9083957672119141, 0.09686901420354843]
722,[0.9082211852073669, 0.09706283360719681]
723,[0.9081524014472961, 0.09714090079069138]
724,[0.9086544513702393, 0.09649026393890381]
725,[0.9109792709350586, 0.09354018419981003]
726,[0.907353937625885, 0.09811180830001831]
727,[0.9100049734115601, 0.09483583271503448]
728,[0.9101395606994629, 0.09469953179359436]
729,[0.9112775921821594, 0.09322751313447952]
730,[0.9098474383354187, 0.09497636556625366]
731,[0.911361813545227, 0.09308210015296936]
732,[0.9119799733161926, 0.09234850853681564]
733,[0.9112519025802612, 0.09325630217790604]
734,[0.9086641073226929, 0.09650402516126633]
735,[0.9079445004463196, 0.09739096462726593]
736,[0.9034954309463501, 0.10293758660554886]
737,[0.9083930253982544, 0.09679938107728958]
738,[0.9106089472770691, 0.09406372159719467]
739,[0.9118862748146057, 0.0924534946680069]
740,[0.9113947153091431, 0.09307555854320526]
741,[0.91152024269104, 0.0929296612739563]
742,[0.9124516844749451, 0.09175529330968857]
743,[0.9125840067863464, 0.09157513827085495]
744,[0.9113225936889648, 0.0931721031665802]
745,[0.9092510342597961, 0.09575086832046509]
746,[0.9117290377616882, 0.09263313561677933]
747,[0.9125721454620361, 0.09154711663722992]
748,[0.9130168557167053, 0.0909835621714592]
749,[0.9131641387939453, 0.09081319719552994]
750,[0.9130352139472961, 0.09099661558866501]
751,[0.9133046269416809, 0.09061853587627411]
752,[0.9127525687217712, 0.09132760018110275]
753,[0.913324236869812, 0.09063077718019485]
754,[0.9101167321205139, 0.09469085931777954]
755,[0.9109867215156555, 0.09357959032058716]
756,[0.9111970663070679, 0.0933132916688919]
757,[0.9099724888801575, 0.09490036219358444]
758,[0.9045182466506958, 0.10166060924530029]
759,[0.9012057781219482, 0.10576744377613068]
760,[0.8682022094726562, 0.1441866159439087]
761,[0.8975105881690979, 0.11018335819244385]
762,[0.9101997017860413, 0.09462862461805344]
763,[0.9016188979148865, 0.10524878650903702]
764,[0.9070533514022827, 0.09851811826229095]
765,[0.9109801650047302, 0.09361988306045532]
766,[0.9107482433319092, 0.09394333511590958]
767,[0.9101583361625671, 0.09464345872402191]
768,[0.9107862114906311, 0.09382297843694687]
769,[0.9116768836975098, 0.09271164238452911]
770,[0.9112921357154846, 0.09323058277368546]
771,[0.9062364101409912, 0.09955386072397232]
772,[0.9096401929855347, 0.09525280445814133]
773,[0.9119841456413269, 0.09227227419614792]
774,[0.9122270941734314, 0.0919862762093544]
775,[0.9131247997283936, 0.09089551120996475]
776,[0.9134678244590759, 0.09048552811145782]
777,[0.912731945514679, 0.09141475707292557]
778,[0.9113532900810242, 0.09315227717161179]
779,[0.9111068248748779, 0.09346882253885269]
780,[0.9114502668380737, 0.09303004294633865]
781,[0.9101500511169434, 0.09459514915943146]
782,[0.9110074639320374, 0.0935567170381546]
783,[0.9126675128936768, 0.09144312888383865]
784,[0.9125229120254517, 0.09166426956653595]
785,[0.9127148389816284, 0.09136874228715897]
786,[0.9129403233528137, 0.09110227972269058]
787,[0.9124867916107178, 0.0917334333062172]
788,[0.9072975516319275, 0.09823332726955414]
789,[0.8513074517250061, 0.16396665573120117]
790,[0.9076853394508362, 0.09770352393388748]
791,[0.9078255891799927, 0.09754068404436111]
792,[0.9075972437858582, 0.0978318378329277]
793,[0.9057860970497131, 0.10010668635368347]
794,[0.9064297080039978, 0.09930425137281418]
795,[0.905664324760437, 0.10021889209747314]
796,[0.911011278629303, 0.0935426726937294]
797,[0.9029582142829895, 0.10359179228544235]
798,[0.9067234992980957, 0.09892433881759644]
799,[0.9032294750213623, 0.1032707616686821]
800,[0.9031842350959778, 0.10334821790456772]
801,[0.8981444239616394, 0.10942665487527847]
802,[0.9033631086349487, 0.10309633612632751]
803,[0.9075428247451782, 0.09792604297399521]
804,[0.9023537635803223, 0.10433182865381241]
805,[0.9067949652671814, 0.09881574660539627]
806,[0.9091724753379822, 0.09586525708436966]
807,[0.9096581339836121, 0.09525143355131149]
808,[0.912888765335083, 0.09113623946905136]
809,[0.9129012227058411, 0.0912022590637207]
810,[0.9112419486045837, 0.09330348670482635]
811,[0.9105051755905151, 0.09421354532241821]
812,[0.9095426201820374, 0.09543593227863312]
813,[0.9100497961044312, 0.09473995119333267]
814,[0.9109967947006226, 0.0935855433344841]
815,[0.9107847213745117, 0.09385894238948822]
816,[0.9111149311065674, 0.09346583485603333]
817,[0.9060516953468323, 0.09979339689016342]
818,[0.8923148512840271, 0.11640319228172302]
819,[0.9026085138320923, 0.10400578379631042]
820,[0.9000328779220581, 0.10715984553098679]
821,[0.9064029455184937, 0.09931452572345734]
822,[0.9088731408119202, 0.0962364673614502]
823,[0.9067991971969604, 0.09885770827531815]
824,[0.9038059711456299, 0.10255145281553268]
825,[0.9081389307975769, 0.09714079648256302]
826,[0.9102297425270081, 0.09452776610851288]
827,[0.6866728663444519, 0.33597463369369507]
828,[0.4815674424171448, 0.49952957034111023]
829,[0.056377921253442764, 0.9449012279510498]
830,[0.5133364200592041, 0.47363948822021484]
831,[0.6710851192474365, 0.3516368865966797]
832,[0.900823175907135, 0.10621181130409241]
833,[0.9076228737831116, 0.09778352826833725]
834,[0.905716061592102, 0.10019849985837936]
835,[0.9016514420509338, 0.10519450902938843]
836,[0.8121978640556335, 0.20859894156455994]
837,[0.8615167737007141, 0.15227806568145752]
838,[0.885059118270874, 0.1250760704278946]
839,[0.9038255214691162, 0.10254226624965668]
840,[0.9084652066230774, 0.09675672650337219]
841,[0.9104408621788025, 0.09428320825099945]
842,[0.9101601243019104, 0.09465857595205307]
843,[0.9099777340888977, 0.09488631039857864]
844,[0.9086650609970093, 0.09650063514709473]
845,[0.9068586230278015, 0.09873615950345993]
846,[0.909277617931366, 0.09574460238218307]
847,[0.9100073575973511, 0.09484896808862686]
848,[0.9109603762626648, 0.09362974017858505]
849,[0.9066438674926758, 0.09901571273803711]
850,[0.896781325340271, 0.11112537980079651]
851,[0.9002152681350708, 0.10693561285734177]
852,[0.9029713869094849, 0.10361747443675995]
853,[0.8852566480636597, 0.12459129095077515]
854,[0.9113940000534058, 0.09308528155088425]
855,[0.9092622399330139, 0.09580016136169434]
856,[0.9025465846061707, 0.10410845279693604]
857,[0.9020023941993713, 0.10479246824979782]
858,[0.8959347009658813, 0.11217634379863739]
859,[0.9085119366645813, 0.09666571021080017]
860,[0.9099469184875488, 0.0949358344078064]
861,[0.9106334447860718, 0.09405618906021118]
862,[0.9073941707611084, 0.09806855022907257]
863,[0.9073880314826965, 0.09808813780546188]
864,[0.9099351763725281, 0.09491213411092758]
865,[0.910260021686554, 0.09449996054172516]
866,[0.9089142084121704, 0.09621825814247131]
867,[0.9111447334289551, 0.09337716549634933]
868,[0.911238968372345, 0.09323515743017197]
869,[0.9112037420272827, 0.09329737722873688]
870,[0.911888599395752, 0.09242723882198334]
871,[0.9118189215660095, 0.09252084791660309]
872,[0.912315845489502, 0.09191840887069702]
873,[0.9122790098190308, 0.09192879498004913]
874,[0.910769522190094, 0.09386676549911499]
875,[0.9088823795318604, 0.09626723825931549]
876,[0.9091308116912842, 0.09593135863542557]
877,[0.9094198942184448, 0.09554041922092438]
878,[0.9111893773078918, 0.09330691397190094]
879,[0.9125499129295349, 0.0916147381067276]
880,[0.9088782072067261, 0.09628967195749283]
881,[0.908460795879364, 0.09681107848882675]
882,[0.9075992703437805, 0.09785853326320648]
883,[0.9056456685066223, 0.10026249289512634]
884,[0.9093854427337646, 0.09554196149110794]
885,[0.9112988710403442, 0.09324625879526138]
886,[0.9115095734596252, 0.09296546876430511]
887,[0.9088662266731262, 0.09628717601299286]
888,[0.9069541096687317, 0.09863332659006119]
889,[0.9013968110084534, 0.10550443828105927]
890,[0.906086802482605, 0.0997529923915863]
891,[0.6043140888214111, 0.4104650318622589]
892,[0.8580337166786194, 0.15594494342803955]
893,[0.9111561179161072, 0.09332813322544098]
894,[0.9109339118003845, 0.09363839775323868]
895,[0.9113971590995789, 0.09307365119457245]
896,[0.779174268245697, 0.2433219850063324]
897,[0.9084739089012146, 0.09673397988080978]
898,[0.9094656109809875, 0.09548094123601913]
899,[0.910750150680542, 0.09384024888277054]
900,[0.9126814007759094, 0.09143341332674026]
901,[0.9122776389122009, 0.0919608324766159]
902,[0.9131505489349365, 0.09081480652093887]
903,[0.912735641002655, 0.09139110893011093]
904,[0.9119566679000854, 0.09233955293893814]
905,[0.9119907021522522, 0.09229456633329391]
906,[0.9119463562965393, 0.09234606474637985]
907,[0.9115652441978455, 0.09282403439283371]
908,[0.9120449423789978, 0.0922263115644455]
909,[0.9096621870994568, 0.09522688388824463]
910,[0.9004783630371094, 0.10660658031702042]
911,[0.8976595401763916, 0.11004311591386795]
912,[0.895004153251648, 0.11323612183332443]
913,[0.8710038065910339, 0.1409270465373993]
914,[0.9064471125602722, 0.09926766157150269]
915,[0.9101071953773499, 0.0946904718875885]
916,[0.9092665910720825, 0.09576978534460068]
917,[0.7282220125198364, 0.29704686999320984]
918,[0.9065382480621338, 0.09916727244853973]
919,[0.9049156904220581, 0.10119496285915375]
920,[0.9012763500213623, 0.10571147501468658]
921,[0.8593894839286804, 0.1538214236497879]
922,[0.8993517160415649, 0.10796622931957245]
923,[0.8945996165275574, 0.11368560791015625]
924,[0.8969431519508362, 0.11086364835500717]
925,[0.9024410247802734, 0.1042073592543602]
926,[0.9075732827186584, 0.09783728420734406]
927,[0.910582959651947, 0.09409411996603012]
928,[0.9079281687736511, 0.09744182229042053]
929,[0.9068613648414612, 0.09876815974712372]
930,[0.9090454578399658, 0.09602747112512589]
931,[0.9078906178474426, 0.09749078750610352]
932,[0.9013482332229614, 0.10553544014692307]
933,[0.9097456336021423, 0.09515482187271118]
934,[0.907746434211731, 0.09765831381082535]
935,[0.8764203190803528, 0.13484837114810944]
936,[0.9042571187019348, 0.1019514799118042]
937,[0.9014868140220642, 0.10543718934059143]
938,[0.822909951210022, 0.19678613543510437]
939,[0.5673794150352478, 0.43481728434562683]
940,[0.2007323056459427, 0.7753202319145203]
941,[0.05525749921798706, 0.9466469883918762]
942,[0.05909373238682747, 0.9408796429634094]
943,[0.24593254923820496, 0.7267844676971436]
944,[0.7508407235145569, 0.2728446424007416]
945,[0.9069209694862366, 0.09857723116874695]
946,[0.912209689617157, 0.09197185188531876]
947,[0.9133393168449402, 0.09060294181108475]
948,[0.9131777882575989, 0.09086399525403976]
949,[0.9100676774978638, 0.09478887170553207]
950,[0.8923525810241699, 0.11654554307460785]
951,[0.8944724798202515, 0.11386740207672119]
952,[0.8891118168830872, 0.12016787379980087]
953,[0.9032783508300781, 0.10318993777036667]
954,[0.9035704731941223, 0.10281473398208618]
955,[0.9046213626861572, 0.10151698440313339]
956,[0.9010552167892456, 0.10595519095659256]
957,[0.8896191120147705, 0.11953172087669373]
958,[0.8933106064796448, 0.11515124887228012]
959,[0.659738302230835, 0.3633405566215515]
960,[0.7313157916069031, 0.29344823956489563]
961,[0.8935156464576721, 0.11503704637289047]
962,[0.8873001337051392, 0.12238278985023499]
963,[0.9073702692985535, 0.09802420437335968]
964,[0.9122303128242493, 0.0919879600405693]
965,[0.9105990529060364, 0.09410727769136429]
966,[0.9124555587768555, 0.09174757450819016]
967,[0.9127373099327087, 0.0914233922958374]
968,[0.9104718565940857, 0.09426409751176834]
969,[0.9074355959892273, 0.09806135296821594]
970,[0.9091978073120117, 0.09585356712341309]
971,[0.9046114087104797, 0.1015738919377327]
972,[0.8993408679962158, 0.10802632570266724]
973,[0.8921456336975098, 0.11661339551210403]
974,[0.9007068276405334, 0.10635890811681747]
975,[0.9051695466041565, 0.10086306184530258]
976,[0.9085926413536072, 0.09659124165773392]
977,[0.9092451930046082, 0.09579580277204514]
978,[0.909716010093689, 0.09519568830728531]
979,[0.9102228283882141, 0.09446467459201813]
980,[0.911975622177124, 0.09233487397432327]
981,[0.908231258392334, 0.09706036001443863]
982,[0.909122884273529, 0.09593386203050613]
983,[0.9102686643600464, 0.09448892623186111]
984,[0.9065474271774292, 0.09916559606790543]
985,[0.9060714840888977, 0.0997452661395073]
986,[0.9086988568305969, 0.09646858274936676]
987,[0.9095314741134644, 0.09541204571723938]
988,[0.9101049304008484, 0.094703808426857]
989,[0.9107682108879089, 0.09384839981794357]
990,[0.9120038747787476, 0.0922960415482521]
991,[0.911240816116333, 0.0932425931096077]
992,[0.9103686213493347, 0.09434213489294052]
993,[0.9111927151679993, 0.0933397188782692]
994,[0.9107618927955627, 0.09387178719043732]
995,[0.9098066091537476, 0.09510060399770737]
996,[0.9089369177818298, 0.09617715328931808]
997,[0.9077813625335693, 0.09759029746055603]
998,[0.9041920900344849, 0.10205011814832687]
999,[0.9061223268508911, 0.09970033168792725]
1000,[0.8966081142425537, 0.11134997010231018]
1001,[0.8840856552124023, 0.1260734498500824]
1002,[0.9066381454467773, 0.09902083873748779]
1003,[0.9060227274894714, 0.09979274123907089]
1004,[0.9107760190963745, 0.09384500980377197]
1005,[0.9108295440673828, 0.09381785243749619]
1006,[0.9112142324447632, 0.09331882745027542]
1007,[0.9104880690574646, 0.09424464404582977]
1008,[0.9098735451698303, 0.09499803185462952]
1009,[0.9084682464599609, 0.09675828367471695]
1010,[0.9096805453300476, 0.09525811672210693]
1011,[0.9069624543190002, 0.09865254908800125]
1012,[0.9065759778022766, 0.09907019883394241]
1013,[0.9064992666244507, 0.09920189529657364]
1014,[0.9066034555435181, 0.09910470247268677]
1015,[0.9050865173339844, 0.10097366571426392]
1016,[0.909519374370575, 0.09546217322349548]
1017,[0.9061095118522644, 0.09971664100885391]
1018,[0.9086687564849854, 0.09652747213840485]
1019,[0.9087139368057251, 0.0964605063199997]
1020,[0.9087687730789185, 0.09639876335859299]
1021,[0.9068406820297241, 0.09874510765075684]
1022,[0.8843673467636108, 0.12558060884475708]
1023,[0.9088103771209717, 0.0963260680437088]
1024,[0.9037033915519714, 0.1026667132973671]
1025,[0.9064651727676392, 0.0992557629942894]
1026,[0.9002369046211243, 0.10694369673728943]
1027,[0.8900617957115173, 0.11915287375450134]
1028,[0.9056185483932495, 0.10029725730419159]
1029,[0.9062420725822449, 0.0994989275932312]
1030,[0.9074995517730713, 0.09797687083482742]
1031,[0.8342903852462769, 0.18383929133415222]
1032,[0.908496618270874, 0.0967179536819458]
1033,[0.8756131529808044, 0.13575799763202667]
1034,[0.8901740908622742, 0.11890900880098343]
1035,[0.9074732065200806, 0.09798883646726608]
1036,[0.9006928205490112, 0.10632559657096863]
1037,[0.9104162454605103, 0.09429958462715149]
1038,[0.9104421138763428, 0.09428706020116806]
1039,[0.9087023138999939, 0.09648916870355606]
1040,[0.9097933173179626, 0.09510324895381927]
1041,[0.9110310673713684, 0.09351100772619247]
1042,[0.9097620248794556, 0.09512001276016235]
1043,[0.9092590808868408, 0.09578386694192886]
1044,[0.9104446768760681, 0.0942932516336441]
1045,[0.908745527267456, 0.09641513228416443]
1046,[0.910211980342865, 0.0945112407207489]
1047,[0.9121952056884766, 0.09198784828186035]
1048,[0.9122980833053589, 0.09191057085990906]
1049,[0.9110643863677979, 0.09348665177822113]
1050,[0.9134424924850464, 0.09049512445926666]
1051,[0.9095399975776672, 0.09540162980556488]
1052,[0.911247193813324, 0.09331925958395004]
1053,[0.9127345085144043, 0.09140369296073914]
1054,[0.9120342135429382, 0.09224741160869598]
1055,[0.9120833873748779, 0.09222357720136642]
1056,[0.9130139946937561, 0.09101935476064682]
1057,[0.9122810959815979, 0.09201245754957199]
1058,[0.9114580750465393, 0.09300103783607483]
1059,[0.9114408493041992, 0.09301435202360153]
1060,[0.9118850231170654, 0.0924418568611145]
1061,[0.9110314249992371, 0.0935649573802948]
1062,[0.9109275341033936, 0.09369602054357529]
1063,[0.911504328250885, 0.09296232461929321]
1064,[0.9113028049468994, 0.09319136291742325]
1065,[0.9088209271430969, 0.0963297113776207]
1066,[0.9113114476203918, 0.09320157766342163]
1067,[0.9103810787200928, 0.0943630263209343]
1068,[0.9098988771438599, 0.09496015310287476]
1069,[0.9090582728385925, 0.0960313230752945]
1070,[0.8898537755012512, 0.11931589245796204]
1071,[0.9076059460639954, 0.09780201315879822]
1072,[0.9109084606170654, 0.09363722056150436]
1073,[0.9123204946517944, 0.09185629338026047]
1074,[0.9133642911911011, 0.09057604521512985]
1075,[0.913028359413147, 0.09099199622869492]
1076,[0.9130284786224365, 0.09099172800779343]
1077,[0.9124183058738708, 0.09181637316942215]
1078,[0.9114866852760315, 0.09300687164068222]
1079,[0.909252405166626, 0.09579316526651382]
1080,[0.9101375937461853, 0.09471540153026581]
1081,[0.9052159190177917, 0.10082849115133286]
1082,[0.8801082968711853, 0.13084210455417633]
1083,[0.8980904817581177, 0.10955629497766495]
1084,[0.9048317074775696, 0.10130564868450165]
1085,[0.907597005367279, 0.09780069440603256]
1086,[0.9116676449775696, 0.09271197766065598]
1087,[0.9126490950584412, 0.09152273088693619]
1088,[0.9125917553901672, 0.09158024191856384]
1089,[0.9122527241706848, 0.09199511259794235]
1090,[0.911920964717865, 0.09239298105239868]
1091,[0.9116665124893188, 0.09273228049278259]
1092,[0.9105286002159119, 0.09416155517101288]
1093,[0.9067932367324829, 0.09882676601409912]
1094,[0.9104171395301819, 0.09426970034837723]
1095,[0.9077450037002563, 0.09762752056121826]
1096,[0.9067567586898804, 0.0988771989941597]
1097,[0.9065029621124268, 0.09921444207429886]
1098,[0.9091706871986389, 0.09587858617305756]
1099,[0.8890231251716614, 0.12037251144647598]
1100,[0.9002177715301514, 0.10693781822919846]
1101,[0.8958576917648315, 0.1122279241681099]
1102,[0.901147186756134, 0.1057533398270607]
1103,[0.9048230051994324, 0.10129540413618088]
1104,[0.9083608388900757, 0.09687339514493942]
1105,[0.9096625447273254, 0.09524093568325043]
1106,[0.9103280901908875, 0.09441646933555603]
1107,[0.9117945432662964, 0.09258120507001877]
1108,[0.9109964966773987, 0.09356098622083664]
1109,[0.9095647931098938, 0.09537447988986969]
1110,[0.9112855792045593, 0.09322579950094223]
1111,[0.908509373664856, 0.09672635048627853]
1112,[0.6882867813110352, 0.33444443345069885]
1113,[0.8039268851280212, 0.21625100076198578]
1114,[0.7078654766082764, 0.31729233264923096]
1115,[0.5934107899665833, 0.41314801573753357]
1116,[0.28205838799476624, 0.691300094127655]
1117,[0.3904692232608795, 0.5785434246063232]
1118,[0.3539988398551941, 0.6139425039291382]
1119,[0.8987883925437927, 0.10864009708166122]
1120,[0.8993329405784607, 0.10797547549009323]
1121,[0.9042618274688721, 0.10197632014751434]
1122,[0.9029790759086609, 0.10357984155416489]
1123,[0.9015346765518188, 0.10533527284860611]
1124,[0.9055615663528442, 0.10033327341079712]
1125,[0.9082843065261841, 0.09697488695383072]
1126,[0.9106659889221191, 0.09397527575492859]
1127,[0.9115610718727112, 0.09286747872829437]
1128,[0.9134474396705627, 0.0904361829161644]
1129,[0.9123984575271606, 0.09183035790920258]
1130,[0.9126901030540466, 0.0914912149310112]
1131,[0.91117262840271, 0.09339846670627594]
1132,[0.9113604426383972, 0.09311685711145401]
1133,[0.9096208214759827, 0.09524837136268616]
1134,[0.912453830242157, 0.09170036762952805]
1135,[0.9126480221748352, 0.0915169045329094]
1136,[0.9117298126220703, 0.09269793331623077]
1137,[0.9118157029151917, 0.09259458631277084]
1138,[0.9026361703872681, 0.10399320721626282]
1139,[0.898905336856842, 0.10853038728237152]
1140,[0.9061368107795715, 0.09968214482069016]
1141,[0.9071082472801208, 0.09848688542842865]
1142,[0.9033546447753906, 0.10306036472320557]
1143,[0.9091055393218994, 0.09589944034814835]
1144,[0.9080703854560852, 0.09718792140483856]
1145,[0.9101244807243347, 0.09461162984371185]
1146,[0.9100974202156067, 0.09471933543682098]
1147,[0.9103401899337769, 0.09438734501600266]
1148,[0.9097007513046265, 0.09519876539707184]
1149,[0.9085557460784912, 0.09663030505180359]
1150,[0.9083765149116516, 0.09685048460960388]
1151,[0.903163492679596, 0.10334683209657669]
1152,[0.9049891829490662, 0.10108743607997894]
1153,[0.8820620179176331, 0.12859882414340973]
1154,[0.8749954104423523, 0.13636519014835358]
1155,[0.9067205786705017, 0.09892146289348602]
1156,[0.9102263450622559, 0.09453405439853668]
1157,[0.9117910265922546, 0.09257737547159195]
1158,[0.9120000004768372, 0.0922875702381134]
1159,[0.9125881791114807, 0.0915895402431488]
1160,[0.912713885307312, 0.09142860770225525]
1161,[0.912727952003479, 0.09139998257160187]
1162,[0.9114827513694763, 0.09294518828392029]
1163,[0.9122655391693115, 0.0919792652130127]
1164,[0.906621515750885, 0.09903611242771149]
1165,[0.911442220211029, 0.09300451725721359]
1166,[0.9111995697021484, 0.09331244230270386]
1167,[0.905136227607727, 0.10092806816101074]
1168,[0.9098159670829773, 0.09509745985269547]
1169,[0.9076712727546692, 0.09773072600364685]
1170,[0.9067302942276001, 0.09891478717327118]
1171,[0.9073672294616699, 0.09810154885053635]
1172,[0.9102135300636292, 0.0945599377155304]
1173,[0.9091944694519043, 0.09583801031112671]
1174,[0.9100415110588074, 0.09478111565113068]
1175,[0.9083945751190186, 0.0968596488237381]
1176,[0.9067411422729492, 0.0988989919424057]
1177,[0.9104273319244385, 0.09426255524158478]
1178,[0.9106507897377014, 0.09397672116756439]
1179,[0.9122004508972168, 0.09204419702291489]
1180,[0.806515097618103, 0.21410571038722992]
1181,[0.8997979164123535, 0.10743256658315659]
1182,[0.9017529487609863, 0.10507158935070038]
1183,[0.8981854915618896, 0.10944397002458572]
1184,[0.8951955437660217, 0.11297822743654251]
1185,[0.9075689315795898, 0.09784159809350967]
1186,[0.9110819697380066, 0.09349936246871948]
1187,[0.91193687915802, 0.09239006787538528]
1188,[0.9129911065101624, 0.09107325226068497]
1189,[0.9131461381912231, 0.09082947671413422]
1190,[0.9124580025672913, 0.09174718707799911]
1191,[0.9126256704330444, 0.09149976074695587]
1192,[0.913044273853302, 0.0909852385520935]
1193,[0.9091880321502686, 0.09585781395435333]
1194,[0.8822991251945496, 0.12818163633346558]
1195,[0.9063625931739807, 0.09940394014120102]
1196,[0.770799458026886, 0.25370582938194275]
1197,[0.6810007691383362, 0.3411364257335663]
1198,[0.5067979097366333, 0.4767245948314667]
1199,[0.45808419585227966, 0.5351580381393433]
1200,[0.6834596991539001, 0.34050822257995605]
1201,[0.9049627184867859, 0.1011197566986084]
1202,[0.9062981009483337, 0.09946241974830627]
1203,[0.9077336192131042, 0.09764724969863892]
1204,[0.9115088582038879, 0.09290757030248642]
1205,[0.9118363261222839, 0.09252326190471649]
1206,[0.9114711284637451, 0.0929708331823349]
1207,[0.9066644310951233, 0.09899178147315979]
1208,[0.9047050476074219, 0.10141816735267639]
1209,[0.9056209325790405, 0.10030213743448257]
1210,[0.9030262231826782, 0.10351692140102386]
1211,[0.904962420463562, 0.10110695660114288]
1212,[0.9050878882408142, 0.100969597697258]
1213,[0.9101052284240723, 0.09469252079725266]
1214,[0.9069983959197998, 0.09857881814241409]
1215,[0.9081843495368958, 0.09712771326303482]
1216,[0.9095551371574402, 0.09542317688465118]
1217,[0.91191166639328, 0.09240879863500595]
1218,[0.9094509482383728, 0.09552474319934845]
1219,[0.907625138759613, 0.09780361503362656]
1220,[0.9052011966705322, 0.10074659436941147]
1221,[0.9100918769836426, 0.09473422169685364]
1222,[0.9072420597076416, 0.0983193963766098]
1223,[0.9035941958427429, 0.1028347983956337]
1224,[0.8901991844177246, 0.11881991475820541]
1225,[0.8989391326904297, 0.10852270573377609]
1226,[0.9007372260093689, 0.10631927847862244]
1227,[0.9058381915092468, 0.10005496442317963]
1228,[0.9003399014472961, 0.1068321242928505]
1229,[0.7777457237243652, 0.24597804248332977]
1230,[0.7166804075241089, 0.3090633749961853]
1231,[0.6300871968269348, 0.3891497254371643]
1232,[0.614258348941803, 0.4030507504940033]
1233,[0.7805466055870056, 0.2405729591846466]
1234,[0.6849364042282104, 0.33882811665534973]
1235,[0.9068863391876221, 0.09869381785392761]
1236,[0.9113631248474121, 0.09305211901664734]
1237,[0.9104025959968567, 0.094256691634655]
1238,[0.9133039116859436, 0.09067383408546448]
1239,[0.9127978086471558, 0.09136009961366653]
1240,[0.9128510355949402, 0.091281458735466]
1241,[0.9122113585472107, 0.09202533215284348]
1242,[0.9117286205291748, 0.09269925206899643]
1243,[0.9119621515274048, 0.09241439402103424]
1244,[0.9122945666313171, 0.09195337444543839]
1245,[0.9129136204719543, 0.09115024656057358]
1246,[0.9126232266426086, 0.09148961305618286]
1247,[0.9117803573608398, 0.09257814288139343]
1248,[0.9107093214988708, 0.09396995604038239]
1249,[0.9065979719161987, 0.09908130764961243]
1250,[0.7897729277610779, 0.23320195078849792]
1251,[0.7035231590270996, 0.32120978832244873]
1252,[0.652820348739624, 0.3693282902240753]
1253,[0.6185412406921387, 0.40040823817253113]
1254,[0.8943027257919312, 0.11402470618486404]
1255,[0.9031608700752258, 0.10337352007627487]
1256,[0.8680103421211243, 0.14467419683933258]
1257,[0.88873690366745, 0.12085400521755219]
1258,[0.9050312638282776, 0.10100976377725601]
1259,[0.9028091430664062, 0.10373233258724213]
1260,[0.9102144241333008, 0.09456273168325424]
1261,[0.911828875541687, 0.09251212328672409]
1262,[0.9127389788627625, 0.09133660048246384]
1263,[0.9124588966369629, 0.09172136336565018]
1264,[0.9134250283241272, 0.09052205830812454]
1265,[0.912571370601654, 0.09159686416387558]
1266,[0.9115720987319946, 0.09284167736768723]
1267,[0.907768726348877, 0.09763164073228836]
1268,[0.909956693649292, 0.09492681920528412]
1269,[0.9044985175132751, 0.10171012580394745]
1270,[0.9024094939231873, 0.10429800301790237]
1271,[0.8039053678512573, 0.21512942016124725]
1272,[0.7358295321464539, 0.2904481887817383]
1273,[0.7298226952552795, 0.2948039770126343]
1274,[0.7323042154312134, 0.2914907932281494]
1275,[0.6986407041549683, 0.32493987679481506]
1276,[0.6896547079086304, 0.3334392011165619]
1277,[0.9093241691589355, 0.09566918015480042]
1278,[0.9082396626472473, 0.0970294326543808]
1279,[0.9066575765609741, 0.0990070104598999]
1280,[0.9071946144104004, 0.09835073351860046]
1281,[0.9031031131744385, 0.10339964181184769]
1282,[0.9097943902015686, 0.09499122202396393]
1283,[0.9138028621673584, 0.08998921513557434]
1284,[0.9132397174835205, 0.09077948331832886]
1285,[0.9128133654594421, 0.0913122221827507]
1286,[0.9122486710548401, 0.09203913807868958]
1287,[0.9078857898712158, 0.09751123934984207]
1288,[0.8995552062988281, 0.10771670192480087]
1289,[0.9006622433662415, 0.1063973531126976]
1290,[0.901679277420044, 0.10516926646232605]
1291,[0.904327929019928, 0.10186973214149475]
1292,[0.9114910364151001, 0.09292225539684296]
1293,[0.9120878577232361, 0.09213635325431824]
1294,[0.9119582772254944, 0.09230863302946091]
1295,[0.9128993153572083, 0.09115960448980331]
1296,[0.9129438400268555, 0.09115070849657059]
1297,[0.9118788838386536, 0.09244664013385773]
1298,[0.9095675945281982, 0.0953831598162651]
1299,[0.9059103727340698, 0.0999324694275856]
1300,[0.9012302756309509, 0.10570386797189713]
1301,[0.8941193222999573, 0.1142960786819458]
1302,[0.9001961350440979, 0.10697522014379501]
1303,[0.9040864109992981, 0.10219291597604752]
1304,[0.9096528887748718, 0.09525204449892044]
1305,[0.908586323261261, 0.09656649082899094]
1306,[0.9096899628639221, 0.09522534161806107]
1307,[0.9090184569358826, 0.09604131430387497]
1308,[0.9079525470733643, 0.09739760309457779]
1309,[0.9071606397628784, 0.09838423132896423]
1310,[0.9042131900787354, 0.10204444080591202]
1311,[0.9002329111099243, 0.10691036283969879]
1312,[0.8907662034034729, 0.11828985065221786]
1313,[0.7406424880027771, 0.2831779718399048]
1314,[0.7195138335227966, 0.3054509162902832]
1315,[0.8402986526489258, 0.17531445622444153]
1316,[0.8621233701705933, 0.15122520923614502]
1317,[0.9039648175239563, 0.10233784466981888]
1318,[0.9093691110610962, 0.095582976937294]
1319,[0.9109838604927063, 0.09357411414384842]
1320,[0.9081838130950928, 0.0971091017127037]
1321,[0.786883533000946, 0.23562875390052795]
1322,[0.8821247220039368, 0.1285490095615387]
1323,[0.897059440612793, 0.11078537255525589]
1324,[0.9042201638221741, 0.10201545059680939]
1325,[0.910493016242981, 0.09420235455036163]
1326,[0.9095376133918762, 0.09541640430688858]
1327,[0.9093401432037354, 0.0956616997718811]
1328,[0.8664818406105042, 0.14698298275470734]
1329,[0.903522253036499, 0.10289914160966873]
1330,[0.9064998030662537, 0.09919106960296631]
1331,[0.9107510447502136, 0.09389898180961609]
1332,[0.9075980186462402, 0.0978502705693245]
1333,[0.9114966988563538, 0.0929449126124382]
1334,[0.9096739292144775, 0.0952615737915039]
1335,[0.9106742143630981, 0.09396261721849442]
1336,[0.9108371734619141, 0.0937514528632164]
1337,[0.9123716950416565, 0.09184710681438446]
1338,[0.9094730019569397, 0.0955018401145935]
1339,[0.6987335085868835, 0.29198673367500305]
1340,[0.3761342763900757, 0.5943395495414734]
1341,[0.27793940901756287, 0.6950452327728271]
1342,[0.6058114171028137, 0.40331995487213135]
1343,[0.8120043277740479, 0.20613723993301392]
1344,[0.9120842218399048, 0.0922081395983696]
1345,[0.9096170663833618, 0.0953417494893074]
1346,[0.8043137788772583, 0.21722722053527832]
1347,[0.3236059546470642, 0.6438758373260498]
1348,[0.05968766286969185, 0.9407569169998169]
1349,[0.09985527396202087, 0.8938803672790527]
1350,[0.24521353840827942, 0.7274393439292908]
1351,[0.6118958592414856, 0.4059046804904938]
1352,[0.8565497398376465, 0.15705467760562897]
1353,[0.904661238193512, 0.10148787498474121]
1354,[0.716905951499939, 0.3087533414363861]
1355,[0.7891477942466736, 0.23104415833950043]
1356,[0.7264225482940674, 0.2986684739589691]
1357,[0.7248603105545044, 0.3006909191608429]
1358,[0.8943740725517273, 0.11397260427474976]
1359,[0.8999238610267639, 0.10729240626096725]
1360,[0.9029053449630737, 0.10362035036087036]
1361,[0.9027150869369507, 0.10391310602426529]
1362,[0.8982266783714294, 0.10929864645004272]
1363,[0.5727351903915405, 0.4289069175720215]
1364,[0.8723030686378479, 0.13944721221923828]
1365,[0.9105778336524963, 0.09406042844057083]
1366,[0.9120575189590454, 0.09223396331071854]
1367,[0.9076656699180603, 0.09776398539543152]
1368,[0.9091140627861023, 0.09595884382724762]
1369,[0.9081177711486816, 0.09722503274679184]
1370,[0.9055444598197937, 0.10041388124227524]
1371,[0.9043407440185547, 0.10189050436019897]
1372,[0.8759317994117737, 0.1356123834848404]
1373,[0.9067213535308838, 0.09894033521413803]
1374,[0.9057719111442566, 0.10007235407829285]
1375,[0.9119868278503418, 0.09228789806365967]
1376,[0.9114757776260376, 0.09294302761554718]
1377,[0.9123494625091553, 0.09190765023231506]
1378,[0.9088901281356812, 0.09627143293619156]
1379,[0.9097152352333069, 0.09522556513547897]
1380,[0.9092601537704468, 0.09576988965272903]
1381,[0.9086856842041016, 0.09645487368106842]
1382,[0.9123784303665161, 0.09182684868574142]
1383,[0.9118993878364563, 0.09247948229312897]
1384,[0.9006545543670654, 0.10642820596694946]
1385,[0.8992186784744263, 0.10817482322454453]
1386,[0.2808290719985962, 0.6908896565437317]
1387,[0.615229606628418, 0.3993341624736786]
1388,[0.9077238440513611, 0.09759705513715744]
1389,[0.911309540271759, 0.09319489449262619]
1390,[0.9073377847671509, 0.09817243367433548]
1391,[0.9044275283813477, 0.10177978873252869]
1392,[0.9111468195915222, 0.09340853989124298]
1393,[0.9094105958938599, 0.09552320092916489]
1394,[0.9102076888084412, 0.09452909231185913]
1395,[0.9117642641067505, 0.09262415021657944]
1396,[0.9113877415657043, 0.09299647808074951]
1397,[0.912608802318573, 0.09149472415447235]
1398,[0.9141442179679871, 0.08958946913480759]
1399,[0.9139182567596436, 0.08989527821540833]
1400,[0.9131361246109009, 0.09090311825275421]
1401,[0.9125664234161377, 0.09162259846925735]
1402,[0.9131997227668762, 0.09079724550247192]
1403,[0.913080632686615, 0.09094986319541931]
1404,[0.9133696556091309, 0.09055574238300323]
1405,[0.9132428765296936, 0.0907360166311264]
1406,[0.9134670495986938, 0.09046117216348648]
1407,[0.9134511947631836, 0.09049979597330093]
1408,[0.913110077381134, 0.09091521799564362]
1409,[0.9107437133789062, 0.09392760694026947]
1410,[0.9133089184761047, 0.09067415446043015]
1411,[0.9136810302734375, 0.09016023576259613]
1412,[0.7963682413101196, 0.2247510403394699]
1413,[0.9076805710792542, 0.09774497896432877]
1414,[0.9089453220367432, 0.0961734876036644]
1415,[0.39746174216270447, 0.5737656950950623]
1416,[0.14768755435943604, 0.8339378237724304]
1417,[0.07665179669857025, 0.9188653230667114]
1418,[0.09504573792219162, 0.8968925476074219]
1419,[0.05537853017449379, 0.9462572336196899]
1420,[0.12448447197675705, 0.8617003560066223]
1421,[0.06324304640293121, 0.9356111288070679]
1422,[0.07568787038326263, 0.9204292297363281]
1423,[0.06235163286328316, 0.9366835355758667]
1424,[0.23366554081439972, 0.7400163412094116]
1425,[0.406118243932724, 0.5650209188461304]
1426,[0.41194793581962585, 0.5613873600959778]
1427,[0.6680687069892883, 0.35359135270118713]
1428,[0.5366230010986328, 0.4548981785774231]
1429,[0.7207096815109253, 0.3039052188396454]
1430,[0.8823032975196838, 0.12803518772125244]
1431,[0.9096290469169617, 0.09529783576726913]
1432,[0.8029491901397705, 0.2186594158411026]
1433,[0.8842395544052124, 0.12616746127605438]
1434,[0.9029106497764587, 0.10368593037128448]
1435,[0.9058351516723633, 0.1000186875462532]
1436,[0.9111040830612183, 0.09342731535434723]
1437,[0.9094439148902893, 0.09553976356983185]
1438,[0.9038962125778198, 0.10244295746088028]
1439,[0.7823686003684998, 0.240961492061615]
1440,[0.4569247364997864, 0.5219431519508362]
1441,[0.4003288447856903, 0.5710836052894592]
1442,[0.0827583596110344, 0.9100781679153442]
1443,[0.059587087482213974, 0.9403034448623657]
1444,[0.06587769091129303, 0.9323822855949402]
1445,[0.055176664143800735, 0.9467101097106934]
1446,[0.06718006730079651, 0.9305027723312378]
1447,[0.510466992855072, 0.4843010902404785]
1448,[0.6427822709083557, 0.37742945551872253]
1449,[0.7644063234329224, 0.25785112380981445]
1450,[0.7949064373970032, 0.22716489434242249]
1451,[0.7155801653862, 0.3081458508968353]
1452,[0.12588563561439514, 0.8600397109985352]
1453,[0.12085054814815521, 0.8659289479255676]
1454,[0.07176172733306885, 0.9247403144836426]
1455,[0.05842537432909012, 0.9419496655464172]
1456,[0.05494945868849754, 0.9472275972366333]
1457,[0.22561770677566528, 0.7482048869132996]
1458,[0.29929041862487793, 0.6732914447784424]
1459,[0.7378968000411987, 0.2864643633365631]
1460,[0.6605585217475891, 0.36224400997161865]
1461,[0.7544359564781189, 0.2708258032798767]
1462,[0.7053095102310181, 0.31849461793899536]
1463,[0.2429131716489792, 0.7300130724906921]
1464,[0.40357506275177, 0.5709461569786072]
1465,[0.4912501871585846, 0.48939943313598633]
1466,[0.2223811000585556, 0.7519717216491699]
1467,[0.7328120470046997, 0.2920817732810974]
1468,[0.7087680101394653, 0.3157760202884674]
1469,[0.8408506512641907, 0.1747085005044937]
1470,[0.7262275815010071, 0.29743048548698425]
1471,[0.657115638256073, 0.33182835578918457]
1472,[0.2880488336086273, 0.6835097670555115]
1473,[0.055234700441360474, 0.9465333223342896]
1474,[0.27067676186561584, 0.7019651532173157]
1475,[0.9044581651687622, 0.10168438404798508]
1476,[0.9073033332824707, 0.09816479682922363]
1477,[0.9088443517684937, 0.09621983766555786]
1478,[0.9091207385063171, 0.09591598808765411]
1479,[0.9095234870910645, 0.09545952081680298]
1480,[0.9080356955528259, 0.09729987382888794]
1481,[0.9018735289573669, 0.10493481904268265]
1482,[0.9021725654602051, 0.10457329452037811]
1483,[0.9056280255317688, 0.10027627646923065]
1484,[0.905414879322052, 0.1005338579416275]
1485,[0.9088770747184753, 0.0961790531873703]
1486,[0.9090280532836914, 0.09605269134044647]
1487,[0.9078048467636108, 0.09754381328821182]
1488,[0.9067686200141907, 0.09883782267570496]
1489,[0.9074241518974304, 0.09806354343891144]
1490,[0.8856391906738281, 0.1245921179652214]
1491,[0.8903946280479431, 0.11877173185348511]
1492,[0.7041776180267334, 0.32054227590560913]
1493,[0.704860508441925, 0.3197971284389496]
1494,[0.7195819020271301, 0.30577898025512695]
1495,[0.863675057888031, 0.14958742260932922]
1496,[0.9054208397865295, 0.10055896639823914]
1497,[0.908784806728363, 0.09635238349437714]
1498,[0.9108772277832031, 0.09374674409627914]
1499,[0.9108624458312988, 0.09372732788324356]
1500,[0.9128206372261047, 0.09129119664430618]
1501,[0.9121959805488586, 0.09205876290798187]
1502,[0.9116733074188232, 0.09274177253246307]
1503,[0.9097700119018555, 0.09511909633874893]
1504,[0.910868227481842, 0.09370686113834381]
1505,[0.9110229015350342, 0.09351279586553574]
1506,[0.9113853573799133, 0.09305042028427124]
1507,[0.9121906161308289, 0.0920538380742073]
1508,[0.9122324585914612, 0.09199821949005127]
1509,[0.9116448163986206, 0.09275796264410019]
1510,[0.9115727543830872, 0.09284625947475433]
1511,[0.9105580449104309, 0.09414870291948318]
1512,[0.8881213665008545, 0.12174879759550095]
1513,[0.7325009107589722, 0.29162439703941345]
1514,[0.905162513256073, 0.10083398222923279]
1515,[0.9103755354881287, 0.09435268491506577]
1516,[0.9080584645271301, 0.09727265685796738]
1517,[0.9060507416725159, 0.09976543486118317]
1518,[0.902714192867279, 0.10389885306358337]
1519,[0.8750665187835693, 0.13625703752040863]
1520,[0.8947774767875671, 0.11348888278007507]
1521,[0.9027637243270874, 0.1038241758942604]
1522,[0.90906822681427, 0.09598791599273682]
1523,[0.9086033701896667, 0.09656788408756256]
1524,[0.9065512418746948, 0.09913905709981918]
1525,[0.905623733997345, 0.1002594605088234]
1526,[0.9042052626609802, 0.10203670710325241]
1527,[0.9006384611129761, 0.10645799338817596]
1528,[0.9099152684211731, 0.09492536634206772]
1529,[0.9070752859115601, 0.0984901711344719]
1530,[0.9016255736351013, 0.10523100197315216]
1531,[0.9084259867668152, 0.09680541604757309]
1532,[0.7541822195053101, 0.2694854736328125]
1533,[0.5937548875808716, 0.4176037311553955]
1534,[0.09862090647220612, 0.8925414681434631]
1535,[0.12390918284654617, 0.8675907254219055]
1536,[0.5466309189796448, 0.4614602327346802]
1537,[0.9047146439552307, 0.10137119889259338]
1538,[0.9115033149719238, 0.09291566163301468]
1539,[0.9115893244743347, 0.09279439598321915]
1540,[0.9101876616477966, 0.09459418058395386]
1541,[0.9116955995559692, 0.09269702434539795]
1542,[0.912675142288208, 0.09142013639211655]
1543,[0.9120762348175049, 0.09223158657550812]
1544,[0.9041737914085388, 0.10209467262029648]
1545,[0.9090809226036072, 0.09598205238580704]
1546,[0.9085329174995422, 0.09669063240289688]
1547,[0.901360034942627, 0.10555817186832428]
1548,[0.9066123962402344, 0.09908510744571686]
1549,[0.9066791534423828, 0.09897170960903168]
1550,[0.9092551469802856, 0.09577203541994095]
1551,[0.9060449600219727, 0.09976711869239807]
1552,[0.9074589014053345, 0.09800603985786438]
1553,[0.9013789296150208, 0.10554803907871246]
1554,[0.704766571521759, 0.32025033235549927]
1555,[0.674110472202301, 0.3470401167869568]
1556,[0.35328781604766846, 0.6146402955055237]
1557,[0.8147369027137756, 0.20319944620132446]
1558,[0.9118886590003967, 0.092399962246418]
1559,[0.9137569069862366, 0.09005086869001389]
1560,[0.9135463237762451, 0.09038636088371277]
1561,[0.9116905331611633, 0.0927329733967781]
1562,[0.911863386631012, 0.09250135719776154]
1563,[0.8879886865615845, 0.121467225253582]
1564,[0.9008224010467529, 0.10624397546052933]
1565,[0.904938280582428, 0.10115612298250198]
1566,[0.9081214070320129, 0.09719184786081314]
1567,[0.9009099006652832, 0.10610873997211456]
1568,[0.9090632200241089, 0.0959501639008522]
1569,[0.9126641154289246, 0.09144982695579529]
1570,[0.9134209752082825, 0.0905078873038292]
1571,[0.9125456809997559, 0.09165549278259277]
1572,[0.9099481105804443, 0.09493077546358109]
1573,[0.911233127117157, 0.09329795837402344]
1574,[0.9105542898178101, 0.09414630383253098]
1575,[0.9096918702125549, 0.09525073319673538]
1576,[0.9105305671691895, 0.09421873837709427]
1577,[0.9031274318695068, 0.10338537395000458]
1578,[0.9083995223045349, 0.09681683778762817]
1579,[0.9077252149581909, 0.09768267720937729]
1580,[0.9111892580986023, 0.09335049241781235]
1581,[0.9120360016822815, 0.09225909411907196]
1582,[0.9122037291526794, 0.09202969074249268]
1583,[0.9110432863235474, 0.0935341864824295]
1584,[0.9119757413864136, 0.09232219308614731]
1585,[0.9102943539619446, 0.0944933295249939]
1586,[0.9096920490264893, 0.09524113684892654]
1587,[0.9072195887565613, 0.09834525734186172]
1588,[0.8970096111297607, 0.1108555868268013]
1589,[0.9000192880630493, 0.10718083381652832]
1590,[0.9069483876228333, 0.09862159192562103]
1591,[0.9085950255393982, 0.09656494855880737]
1592,[0.882314920425415, 0.12861956655979156]
1593,[0.9079129099845886, 0.09743022173643112]
1594,[0.901399552822113, 0.10551322996616364]
1595,[0.9085165858268738, 0.09670035541057587]
1596,[0.9123978614807129, 0.0917588397860527]
1597,[0.9108639359474182, 0.09373389184474945]
1598,[0.9118015766143799, 0.09251362830400467]
1599,[0.9120851755142212, 0.09219822287559509]
1600,[0.9120064377784729, 0.09229389578104019]
1601,[0.9116880893707275, 0.09269741922616959]
1602,[0.9115493893623352, 0.09285920858383179]
1603,[0.9120413661003113, 0.09221826493740082]
1604,[0.9125795960426331, 0.09154611080884933]
1605,[0.912257194519043, 0.09197983890771866]
1606,[0.9127866625785828, 0.0913257822394371]
1607,[0.9126410484313965, 0.09148579090833664]
1608,[0.9106405973434448, 0.09402581304311752]
1609,[0.9114336371421814, 0.09305299818515778]
1610,[0.9118794798851013, 0.09247700870037079]
1611,[0.9094772338867188, 0.09552773088216782]
1612,[0.9087068438529968, 0.0964592769742012]
1613,[0.9102410078048706, 0.09449110180139542]
1614,[0.9115248322486877, 0.09293268620967865]
1615,[0.9124118685722351, 0.09182838350534439]
1616,[0.9117318987846375, 0.0926976203918457]
1617,[0.9116785526275635, 0.09274441748857498]
1618,[0.9115929007530212, 0.09279593080282211]
1619,[0.9109448790550232, 0.09366278350353241]
1620,[0.9117398858070374, 0.09266062080860138]
1621,[0.9118391275405884, 0.0925203263759613]
1622,[0.9102502465248108, 0.0945415049791336]
1623,[0.909338116645813, 0.09564053267240524]
1624,[0.9107665419578552, 0.09389841556549072]
1625,[0.9096362590789795, 0.095321886241436]
1626,[0.9079563617706299, 0.09740324318408966]
1627,[0.909726619720459, 0.09519118070602417]
1628,[0.9024320840835571, 0.10417978465557098]
1629,[0.9094494581222534, 0.09554052352905273]
1630,[0.910101056098938, 0.09470253437757492]
1631,[0.9086109399795532, 0.09656140953302383]
1632,[0.9065268635749817, 0.09916704148054123]
1633,[0.9099220037460327, 0.09494171291589737]
1634,[0.9079014658927917, 0.09745651483535767]
1635,[0.9086390137672424, 0.0964948832988739]
1636,[0.9073750376701355, 0.0981064885854721]
1637,[0.9104834198951721, 0.09425050020217896]
1638,[0.9092581272125244, 0.09577837586402893]
1639,[0.9086273908615112, 0.09657160937786102]
1640,[0.9091529846191406, 0.0959261879324913]
1641,[0.9077578783035278, 0.09766590595245361]
1642,[0.7902228236198425, 0.23266765475273132]
1643,[0.7450599074363708, 0.2806427478790283]
1644,[0.8818658590316772, 0.1285717487335205]
1645,[0.8919782042503357, 0.11684954166412354]
1646,[0.9027035236358643, 0.10392167419195175]
1647,[0.9048200249671936, 0.10130210220813751]
1648,[0.9042752385139465, 0.10198087990283966]
1649,[0.9059243202209473, 0.09991127997636795]
1650,[0.9051696062088013, 0.100850410759449]
1651,[0.9000319242477417, 0.10716062039136887]
1652,[0.9073837995529175, 0.09814725071191788]
1653,[0.9051018357276917, 0.10097271203994751]
1654,[0.8964186906814575, 0.11156228184700012]
1655,[0.9034103751182556, 0.10296988487243652]
1656,[0.9068182110786438, 0.09878088533878326]
1657,[0.907336413860321, 0.09815414994955063]
1658,[0.8967598080635071, 0.11114074289798737]
1659,[0.7662937045097351, 0.2584909200668335]
1660,[0.8732020258903503, 0.1384822130203247]
1661,[0.8022593259811401, 0.217194065451622]
1662,[0.9006814360618591, 0.10633184760808945]
1663,[0.91114342212677, 0.09343352168798447]
1664,[0.9114518165588379, 0.0929812341928482]
1665,[0.9119213819503784, 0.09240605682134628]
1666,[0.9068138003349304, 0.09884054213762283]
1667,[0.9108182787895203, 0.09380974620580673]
1668,[0.9106635451316833, 0.09396949410438538]
1669,[0.9113146066665649, 0.09315716475248337]
1670,[0.9114283323287964, 0.09306144714355469]
1671,[0.9121766090393066, 0.0921235904097557]
1672,[0.9125570058822632, 0.09164722263813019]
1673,[0.9114609360694885, 0.09299745410680771]
1674,[0.9126082062721252, 0.09154364466667175]
1675,[0.9124699234962463, 0.09174979478120804]
1676,[0.9129986763000488, 0.09106092154979706]
1677,[0.9130417108535767, 0.09098835289478302]
1678,[0.9132906794548035, 0.09070045500993729]
1679,[0.9120821952819824, 0.09221801161766052]
1680,[0.9059807658195496, 0.09987781941890717]
1681,[0.9027519822120667, 0.10387739539146423]
1682,[0.8873117566108704, 0.12238644808530807]
1683,[0.7143396139144897, 0.3105955719947815]
1684,[0.9046880602836609, 0.10141808539628983]
1685,[0.9112638235092163, 0.09319345653057098]
1686,[0.9105778336524963, 0.09410344809293747]
1687,[0.9077242016792297, 0.09767500311136246]
1688,[0.910358726978302, 0.09438330680131912]
1689,[0.9097079634666443, 0.09519761055707932]
1690,[0.9097294807434082, 0.09514862298965454]
1691,[0.9125300645828247, 0.09163358062505722]
1692,[0.9098701477050781, 0.09502681344747543]
1693,[0.906743049621582, 0.09889841079711914]
1694,[0.871571958065033, 0.14081193506717682]
1695,[0.8455688953399658, 0.16984273493289948]
1696,[0.8981901407241821, 0.1094372570514679]
1697,[0.8824872374534607, 0.12794335186481476]
1698,[0.8932385444641113, 0.1153237596154213]
1699,[0.9074363112449646, 0.09801390022039413]
1700,[0.9081457853317261, 0.09716499596834183]
1701,[0.9098151922225952, 0.09508993476629257]
1702,[0.9093552827835083, 0.09567198902368546]
1703,[0.9088265299797058, 0.09631487727165222]
1704,[0.9081695079803467, 0.09713912010192871]
1705,[0.910444974899292, 0.09421442449092865]
1706,[0.9114391803741455, 0.09299836307764053]
1707,[0.9103414416313171, 0.09438558667898178]
1708,[0.9080926775932312, 0.09724169224500656]
1709,[0.9101634621620178, 0.09463749080896378]
1710,[0.9097939729690552, 0.09511607140302658]
1711,[0.9081482291221619, 0.09716114401817322]
1712,[0.9087156057357788, 0.09647148102521896]
1713,[0.9072574973106384, 0.09829737991094589]
1714,[0.9061287045478821, 0.09970196336507797]
1715,[0.907011091709137, 0.09856025874614716]
1716,[0.903448224067688, 0.10299673676490784]
1717,[0.9060999155044556, 0.09970822930335999]
1718,[0.9105376601219177, 0.09417031705379486]
1719,[0.904494047164917, 0.10171227902173996]
1720,[0.8997101783752441, 0.10752642899751663]
1721,[0.9099581241607666, 0.09490156918764114]
1722,[0.9091683030128479, 0.09589838981628418]
1723,[0.9108352661132812, 0.0937146469950676]
1724,[0.9118970036506653, 0.09241174161434174]
1725,[0.9098207950592041, 0.09507706761360168]
1726,[0.8304891586303711, 0.18811622262001038]
1727,[0.1673383265733719, 0.8119012713432312]
1728,[0.06368201971054077, 0.9353727698326111]
1729,[0.0550343357026577, 0.9469311237335205]
1730,[0.05504760146141052, 0.9469179511070251]
1731,[0.056034818291664124, 0.9450165033340454]
1732,[0.13683083653450012, 0.8474016189575195]
1733,[0.22198988497257233, 0.7519158720970154]
1734,[0.2563151717185974, 0.716055691242218]
1735,[0.35141435265541077, 0.6157659888267517]
1736,[0.6956288814544678, 0.32739755511283875]
1737,[0.6758700609207153, 0.3470258116722107]
1738,[0.604668378829956, 0.40955737233161926]
1739,[0.2519688904285431, 0.7219958901405334]
1740,[0.7144818902015686, 0.3110470175743103]
1741,[0.6735629439353943, 0.35007384419441223]
1742,[0.5297164916992188, 0.4817465841770172]
1743,[0.6990801095962524, 0.32539936900138855]
1744,[0.6865491271018982, 0.33599600195884705]
1745,[0.47445374727249146, 0.5111811757087708]
1746,[0.05543554574251175, 0.9463077783584595]
1747,[0.22270920872688293, 0.750525951385498]
1748,[0.06611838191747665, 0.9313788414001465]
1749,[0.05963607132434845, 0.9398171901702881]
1750,[0.20579533278942108, 0.76941978931427]
1751,[0.6757346391677856, 0.3469565212726593]
1752,[0.3428073525428772, 0.6430053114891052]
1753,[0.5379788875579834, 0.4544369876384735]
1754,[0.6864681243896484, 0.33737581968307495]
1755,[0.7126121520996094, 0.31018880009651184]
1756,[0.3001330494880676, 0.6650625467300415]
1757,[0.7465242743492126, 0.27828261256217957]
1758,[0.5179891586303711, 0.47721177339553833]
1759,[0.6908015012741089, 0.33356115221977234]
1760,[0.628210723400116, 0.390832781791687]
1761,[0.442253053188324, 0.5352043509483337]
1762,[0.05553250014781952, 0.9459934234619141]
1763,[0.05581022426486015, 0.9456904530525208]
1764,[0.05498174577951431, 0.9473257064819336]
1765,[0.055060673505067825, 0.9469998478889465]
1766,[0.05863985791802406, 0.9419018626213074]
1767,[0.05492785945534706, 0.9472587704658508]
1768,[0.055817991495132446, 0.9455742239952087]
1769,[0.054921384900808334, 0.9472841024398804]
1770,[0.05498196929693222, 0.9473713040351868]
1771,[0.0550135038793087, 0.9473980069160461]
1772,[0.05498013645410538, 0.9473846554756165]
1773,[0.05499706789851189, 0.9474437236785889]
1774,[0.055095285177230835, 0.9470272064208984]
1775,[0.05504477024078369, 0.9474269151687622]
1776,[0.05504851043224335, 0.9470829367637634]
1777,[0.05499519035220146, 0.9471583962440491]
1778,[0.05640877038240433, 0.9448086023330688]
1779,[0.05510995537042618, 0.9467836022377014]
1780,[0.05501139909029007, 0.9470040202140808]
1781,[0.054944511502981186, 0.947311282157898]
1782,[0.3671095669269562, 0.6066612601280212]
1783,[0.158529594540596, 0.8216344118118286]
1784,[0.1215815395116806, 0.864888608455658]
1785,[0.19902384281158447, 0.776904284954071]
1786,[0.22401180863380432, 0.7494244575500488]
1787,[0.11439496278762817, 0.873604416847229]
1788,[0.06812082976102829, 0.9298348426818848]
1789,[0.19325542449951172, 0.7830883860588074]
1790,[0.41351816058158875, 0.5604512691497803]
1791,[0.05507264658808708, 0.946937084197998]
1792,[0.05518626049160957, 0.9466423988342285]
1793,[0.3619759678840637, 0.6284769773483276]
1794,[0.05509365722537041, 0.9474635124206543]
1795,[0.05553819611668587, 0.94578617811203]
1796,[0.1381734162569046, 0.8457403182983398]
1797,[0.2521624267101288, 0.720788836479187]
1798,[0.2879839837551117, 0.6838275790214539]
1799,[0.11969742178916931, 0.8673399686813354]
1800,[0.25283142924308777, 0.7197189331054688]
1801,[0.6444268226623535, 0.3766964375972748]
1802,[0.055115777999162674, 0.9465513825416565]
1803,[0.05502118915319443, 0.947037398815155]
1804,[0.05500711128115654, 0.947424054145813]
1805,[0.05519477650523186, 0.9474238157272339]
1806,[0.05509218946099281, 0.9474523067474365]
1807,[0.1984081268310547, 0.7776578664779663]
1808,[0.5538731217384338, 0.45513877272605896]
1809,[0.9030468463897705, 0.10346966981887817]
1810,[0.8944335579872131, 0.11389176547527313]
1811,[0.9048489928245544, 0.10128895938396454]
1812,[0.9090443849563599, 0.09607900679111481]
1813,[0.9107308387756348, 0.09393152594566345]
1814,[0.9071896076202393, 0.09836900234222412]
1815,[0.9081842303276062, 0.09713170677423477]
1816,[0.9065448045730591, 0.09911276400089264]
1817,[0.9058108925819397, 0.10002870112657547]
1818,[0.9040509462356567, 0.10223499685525894]
1819,[0.9054995179176331, 0.10044805705547333]
1820,[0.9055095911026001, 0.10044209659099579]
1821,[0.9041219353675842, 0.10217012465000153]
1822,[0.9079332947731018, 0.09741400182247162]
1823,[0.9091273546218872, 0.09592203795909882]
1824,[0.9108190536499023, 0.09378994256258011]
1825,[0.9095516800880432, 0.09541644901037216]
1826,[0.9097477793693542, 0.0951845571398735]
1827,[0.8800583481788635, 0.1308150738477707]
1828,[0.9077292084693909, 0.09768432378768921]
1829,[0.9056711792945862, 0.10020019114017487]
1830,[0.9095043540000916, 0.0954003781080246]
1831,[0.9106838703155518, 0.09398151189088821]
1832,[0.9109342098236084, 0.09369168430566788]
1833,[0.9053707718849182, 0.10059715807437897]
1834,[0.9064175486564636, 0.0993095338344574]
1835,[0.909664511680603, 0.0952528715133667]
1836,[0.9112752079963684, 0.09321783483028412]
1837,[0.9122216701507568, 0.09204073250293732]
1838,[0.9127207398414612, 0.09139358997344971]
1839,[0.9119294881820679, 0.09243115782737732]
1840,[0.912072479724884, 0.09222723543643951]
1841,[0.910139262676239, 0.09469351917505264]
1842,[0.9084745645523071, 0.09678637981414795]
1843,[0.902660608291626, 0.10396850109100342]
1844,[0.9041189551353455, 0.10217665135860443]
1845,[0.8853583335876465, 0.12460597604513168]
1846,[0.903976559638977, 0.10234174132347107]
1847,[0.7588517665863037, 0.2660241425037384]
1848,[0.6981098651885986, 0.3261234164237976]
1849,[0.779450535774231, 0.24159982800483704]
1850,[0.8589348196983337, 0.15471263229846954]
1851,[0.8582245707511902, 0.1551843285560608]
1852,[0.9077667593955994, 0.09762250632047653]
1853,[0.9120153784751892, 0.09225878119468689]
1854,[0.9110470414161682, 0.09351669251918793]
1855,[0.913390040397644, 0.09050474315881729]
1856,[0.9123870730400085, 0.09186144918203354]
1857,[0.9114694595336914, 0.09296052157878876]
1858,[0.9098073244094849, 0.09510978311300278]
1859,[0.8951132893562317, 0.1131853461265564]
1860,[0.8885539770126343, 0.12087919563055038]
1861,[0.9055540561676025, 0.10038094967603683]
1862,[0.9023944139480591, 0.1042804941534996]
1863,[0.909609317779541, 0.09535238891839981]
1864,[0.910940408706665, 0.09364160895347595]
1865,[0.9089623093605042, 0.09612523019313812]
1866,[0.9096445441246033, 0.09525338560342789]
1867,[0.9099966883659363, 0.09483884274959564]
1868,[0.9112284779548645, 0.09328420460224152]
1869,[0.9114772081375122, 0.09295151382684708]
1870,[0.9118080735206604, 0.0925225168466568]
1871,[0.9096580147743225, 0.09528675675392151]
1872,[0.91021728515625, 0.0945541113615036]
1873,[0.9111601710319519, 0.09334234148263931]
1874,[0.9096475839614868, 0.0952281728386879]
1875,[0.910563588142395, 0.09409879893064499]
1876,[0.9125855565071106, 0.09155944734811783]
1877,[0.911865770816803, 0.09249247610569]
1878,[0.9107707142829895, 0.09387294203042984]
1879,[0.9126824140548706, 0.09145006537437439]
1880,[0.9118771553039551, 0.09243869036436081]
1881,[0.9126517176628113, 0.09143394231796265]
1882,[0.9131425619125366, 0.09084157645702362]
1883,[0.913359522819519, 0.09057412296533585]
1884,[0.9130677580833435, 0.0909106582403183]
1885,[0.91310054063797, 0.09090878814458847]
1886,[0.912217378616333, 0.09209097176790237]
1887,[0.9106716513633728, 0.09400012344121933]
1888,[0.9111186861991882, 0.09345131367444992]
1889,[0.9076018333435059, 0.09784712642431259]
1890,[0.9058107137680054, 0.10002055764198303]
1891,[0.9113396406173706, 0.09313381463289261]
1892,[0.91162109375, 0.09276704490184784]
1893,[0.9124553203582764, 0.0917230099439621]
1894,[0.9127759337425232, 0.0913551077246666]
1895,[0.9118585586547852, 0.09252563863992691]
1896,[0.9112305641174316, 0.09332194179296494]
1897,[0.9047768712043762, 0.101369209587574]
1898,[0.8960088491439819, 0.11198815703392029]
1899,[0.9082567691802979, 0.09701570123434067]
1900,[0.9106233716011047, 0.09403295069932938]
1901,[0.9115219712257385, 0.09288685023784637]
1902,[0.9115650653839111, 0.09288419783115387]
1903,[0.9107842445373535, 0.09386492520570755]
1904,[0.909889817237854, 0.09499149024486542]
1905,[0.9093059301376343, 0.09572592377662659]
1906,[0.9109795689582825, 0.09358667582273483]
1907,[0.9111465215682983, 0.09338001906871796]
1908,[0.9092113971710205, 0.09584173560142517]
1909,[0.9098008871078491, 0.09509951621294022]
1910,[0.9112297296524048, 0.09331745654344559]
1911,[0.9084727168083191, 0.09675701707601547]
1912,[0.9079628586769104, 0.09743271768093109]
1913,[0.911149263381958, 0.09340046346187592]
1914,[0.9106863737106323, 0.09398312866687775]
1915,[0.9093169569969177, 0.0956864207983017]
1916,[0.9122099876403809, 0.09205851703882217]
1917,[0.9123470783233643, 0.0918641909956932]
1918,[0.9114808440208435, 0.09293700754642487]
1919,[0.9127732515335083, 0.09132847189903259]
1920,[0.9118512272834778, 0.0924849733710289]
1921,[0.9101977348327637, 0.0946093276143074]
1922,[0.912572979927063, 0.0916026383638382]
1923,[0.9106451272964478, 0.09406609833240509]
1924,[0.9094492793083191, 0.09554579854011536]
1925,[0.9050696492195129, 0.10097838193178177]
1926,[0.9074472784996033, 0.0980193093419075]
1927,[0.9078396558761597, 0.09749004989862442]
1928,[0.9099408388137817, 0.09487306326627731]
1929,[0.9099860191345215, 0.09483728557825089]
1930,[0.9123393297195435, 0.09190521389245987]
1931,[0.9123175144195557, 0.09195638447999954]
1932,[0.9090834259986877, 0.09602674841880798]
1933,[0.9112299680709839, 0.09331292659044266]
1934,[0.9086064100265503, 0.09660069644451141]
1935,[0.9069195985794067, 0.09869644790887833]
1936,[0.9063574075698853, 0.09938649088144302]
1937,[0.8967270255088806, 0.1111837700009346]
1938,[0.9053875207901001, 0.10055291652679443]
1939,[0.9107325077056885, 0.09390076249837875]
1940,[0.9119184017181396, 0.09244615584611893]
1941,[0.9077569246292114, 0.09767599403858185]
1942,[0.9107330441474915, 0.09388971328735352]
1943,[0.9102790951728821, 0.0944613516330719]
1944,[0.9105643033981323, 0.09408283978700638]
1945,[0.911843478679657, 0.09255225211381912]
1946,[0.9126355051994324, 0.09149706363677979]
1947,[0.9116641283035278, 0.09276887029409409]
1948,[0.7802697420120239, 0.24269014596939087]
1949,[0.358630895614624, 0.6110735535621643]
1950,[0.29374730587005615, 0.6746553182601929]
1951,[0.7187319397926331, 0.3058267831802368]
1952,[0.5610637664794922, 0.4496474266052246]
1953,[0.8615204095840454, 0.15137045085430145]
1954,[0.9014074802398682, 0.10549034923315048]
1955,[0.9047281742095947, 0.10140393674373627]
1956,[0.8921042680740356, 0.11665862053632736]
1957,[0.8943329453468323, 0.11397067457437515]
1958,[0.9054843187332153, 0.10049178451299667]
1959,[0.8910160660743713, 0.11798765510320663]
1960,[0.6540230512619019, 0.369061678647995]
1961,[0.7129321694374084, 0.31319066882133484]
1962,[0.8755317330360413, 0.13583986461162567]
1963,[0.9091041684150696, 0.09591331332921982]
1964,[0.9128154516220093, 0.09123941510915756]
1965,[0.9137282371520996, 0.09012263268232346]
1966,[0.9096302390098572, 0.09532513469457626]
1967,[0.9021891355514526, 0.10457634180784225]
1968,[0.8576352000236511, 0.1567423790693283]
1969,[0.8821664452552795, 0.12824656069278717]
1970,[0.8811278939247131, 0.12922605872154236]
1971,[0.9091386795043945, 0.09588753432035446]
1972,[0.9123049974441528, 0.09189051389694214]
1973,[0.9112328290939331, 0.09328030794858932]
1974,[0.9111222624778748, 0.0933915227651596]
1975,[0.911797285079956, 0.09253843128681183]
1976,[0.9121583700180054, 0.09206229448318481]
1977,[0.9120948910713196, 0.09217417240142822]
1978,[0.9123063683509827, 0.09191273897886276]
1979,[0.9126758575439453, 0.09146495908498764]
1980,[0.9121828675270081, 0.09208642691373825]
1981,[0.9111927151679993, 0.09336534142494202]
1982,[0.9094152450561523, 0.0955754742026329]
1983,[0.9016432166099548, 0.10521140694618225]
1984,[0.8837951421737671, 0.12663911283016205]
1985,[0.8796795010566711, 0.13107478618621826]
1986,[0.8587731719017029, 0.15485914051532745]
1987,[0.898298442363739, 0.10923903435468674]
1988,[0.9118092060089111, 0.09258705377578735]
1989,[0.9114221334457397, 0.09303730726242065]
1990,[0.9114385843276978, 0.09300853312015533]
1991,[0.9113073945045471, 0.0932023674249649]
1992,[0.9104933142662048, 0.09423958510160446]
1993,[0.9099616408348083, 0.09488821774721146]
1994,[0.9092656970024109, 0.09577196836471558]
1995,[0.7256649136543274, 0.2995266914367676]
1996,[0.8832487463951111, 0.12725716829299927]
1997,[0.8893923163414001, 0.11994052678346634]
1998,[0.8908089399337769, 0.11815541237592697]
1999,[0.9098613858222961, 0.09501471370458603]
2000,[0.9112295508384705, 0.09326523542404175]
2001,[0.9114128351211548, 0.09306591749191284]
2002,[0.909369707107544, 0.09563979506492615]
2003,[0.9096972942352295, 0.09521356970071793]
2004,[0.8105370402336121, 0.21055860817432404]
2005,[0.769930899143219, 0.25439688563346863]
2006,[0.9062176942825317, 0.09955546259880066]
2007,[0.9076521992683411, 0.09774765372276306]
2008,[0.9071887135505676, 0.09827396273612976]
2009,[0.911815345287323, 0.09251842647790909]
2010,[0.9098091721534729, 0.09507276117801666]
2011,[0.909929096698761, 0.09491508454084396]
2012,[0.8748804330825806, 0.13753236830234528]
2013,[0.8999305367469788, 0.10731200873851776]
2014,[0.7325506210327148, 0.29158899188041687]
2015,[0.6636882424354553, 0.3570828139781952]
2016,[0.7142043709754944, 0.31054985523223877]
2017,[0.7161960601806641, 0.3091132938861847]
2018,[0.8897965550422668, 0.11951898038387299]
2019,[0.9093308448791504, 0.09567615389823914]
2020,[0.9086018800735474, 0.09661486744880676]
2021,[0.8979002833366394, 0.10976534336805344]
2022,[0.9095619320869446, 0.09538888186216354]
2023,[0.901451826095581, 0.1054631695151329]
2024,[0.907703161239624, 0.0977364182472229]
2025,[0.9079499840736389, 0.09741301834583282]
2026,[0.9101632833480835, 0.09464728087186813]
2027,[0.9104631543159485, 0.09426827728748322]
2028,[0.908142626285553, 0.0971868559718132]
2029,[0.9050988554954529, 0.10091079026460648]
2030,[0.9098678827285767, 0.09497164934873581]
2031,[0.9122336506843567, 0.09204260259866714]
2032,[0.9131097793579102, 0.09091407805681229]
2033,[0.9124433398246765, 0.09179597347974777]
2034,[0.9129499793052673, 0.0910954475402832]
2035,[0.912787675857544, 0.09131363034248352]
2036,[0.9127016663551331, 0.09143515676259995]
2037,[0.9103986620903015, 0.09427574276924133]
2038,[0.9099613428115845, 0.09494571387767792]
2039,[0.9008026123046875, 0.10621944069862366]
2040,[0.9024085998535156, 0.10429351031780243]
2041,[0.9045105576515198, 0.10169969499111176]
2042,[0.904807984828949, 0.10129115730524063]
2043,[0.902429461479187, 0.10423091053962708]
2044,[0.9057801961898804, 0.10009019076824188]
2045,[0.9085315465927124, 0.09670756012201309]
2046,[0.9051891565322876, 0.10085111856460571]
2047,[0.8937811255455017, 0.11464746296405792]
2048,[0.9057716727256775, 0.10013730078935623]
2049,[0.908421516418457, 0.09683170169591904]
2050,[0.9063730835914612, 0.09933570772409439]
2051,[0.9100807905197144, 0.09468978643417358]
2052,[0.9042701721191406, 0.10194326937198639]
2053,[0.8040279150009155, 0.21711035072803497]
2054,[0.7642280459403992, 0.25553277134895325]
2055,[0.6984847187995911, 0.32535359263420105]
2056,[0.30760863423347473, 0.6648881435394287]
2057,[0.8987903594970703, 0.10869824886322021]
2058,[0.9065349102020264, 0.09916304051876068]
2059,[0.9097981452941895, 0.09509063512086868]
2060,[0.9121202826499939, 0.09218033403158188]
2061,[0.9111000895500183, 0.09347517788410187]
2062,[0.9092996716499329, 0.09568768739700317]
2063,[0.9088891744613647, 0.09615632891654968]
2064,[0.9117898344993591, 0.09260844439268112]
2065,[0.9104963541030884, 0.0942293182015419]
2066,[0.9106871485710144, 0.09397434443235397]
2067,[0.9104089140892029, 0.09432324767112732]
2068,[0.9105129837989807, 0.09420016407966614]
2069,[0.9086499214172363, 0.09652633219957352]
2070,[0.9070100784301758, 0.09859097748994827]
2071,[0.9039067625999451, 0.1023823618888855]
2072,[0.8575294613838196, 0.154292032122612]
